timestamp,value,anomalie,hour_min,day_of_week
2014-03-07 03:41:00,0.33892989071736246,0,-1.1801957037457018,4
2014-03-07 03:46:00,1.2610485069618416,0,-1.1679405941357586,4
2014-03-07 03:51:00,-1.4055614845483748,0,-1.1556854845258155,4
2014-03-07 03:56:00,0.4248811081118416,0,-1.1434303749158723,4
2014-03-07 04:01:00,-0.1258433588972338,0,-1.1311752653059293,4
2014-03-07 04:06:00,0.004675156405495736,0,-1.1189201556959862,4
2014-03-07 04:11:00,0.27738457455835247,0,-1.106665046086043,4
2014-03-07 04:16:00,0.6615122374818315,0,-1.0944099364761,4
2014-03-07 04:21:00,-1.3143046364505302,0,-1.082154826866157,4
2014-03-07 04:26:00,0.49173205497422096,0,-1.0698997172562137,4
2014-03-07 04:31:00,-0.9970279203894267,0,-1.0576446076462707,4
2014-03-07 04:36:00,0.5638886325399509,0,-1.0453894980363274,4
2014-03-07 04:41:00,-0.955644000903198,0,-1.0331343884263842,4
2014-03-07 04:46:00,0.5755610200873448,0,-1.0208792788164411,4
2014-03-07 04:51:00,-0.8176976026157587,0,-1.0086241692064981,4
2014-03-07 04:56:00,0.09062637379997489,0,-0.9963690595965549,4
2014-03-07 05:01:00,0.33362426001399675,0,-0.9841139499866118,4
2014-03-07 05:06:00,-1.1095072913007153,0,-0.9718588403766687,4
2014-03-07 05:11:00,0.4216977296898237,0,-0.9596037307667256,4
2014-03-07 05:16:00,0.6753068773105732,0,-0.9473486211567824,4
2014-03-07 05:21:00,-1.3917668447196294,0,-0.9350935115468394,4
2014-03-07 05:26:00,0.12776578872351563,0,-0.9228384019368961,4
2014-03-07 05:31:00,-1.3673609434841603,0,-0.9105832923269531,4
2014-03-07 05:36:00,0.6636344897631717,0,-0.89832818271701,4
2014-03-07 05:41:00,0.12776578872351563,0,-0.8860730731070667,4
2014-03-07 05:46:00,-0.18420529663422588,0,-0.8738179634971237,4
2014-03-07 05:51:00,-1.4469454040346037,0,-0.8615628538871806,4
2014-03-07 05:56:00,0.4641427753167263,0,-0.8493077442772374,4
2014-03-07 06:01:00,-0.7137072408298499,0,-0.8370526346672943,4
2014-03-07 06:06:00,-0.6818734566096674,0,-0.8247975250573513,4
2014-03-07 06:11:00,0.4386757479405832,0,-0.812542415447408,4
2014-03-07 06:16:00,0.2275116459467402,0,-0.800287305837465,4
2014-03-07 06:21:00,-0.8314922424445041,0,-0.7880321962275219,4
2014-03-07 06:26:00,-0.6129002574659514,0,-0.7757770866175787,4
2014-03-07 06:31:00,-1.2304756713373988,0,-0.7635219770076356,4
2014-03-07 06:36:00,-0.48238174216322194,0,-0.7512668673976926,4
2014-03-07 06:41:00,-0.27121764016937516,0,-0.7390117577877493,4
2014-03-07 06:46:00,0.2275116459467402,0,-0.7267566481778062,4
2014-03-07 06:51:00,-1.379033331031558,0,-0.7145015385678631,4
2014-03-07 06:56:00,0.6625733636225016,0,-0.7022464289579199,4
2014-03-07 07:01:00,0.6381674623870324,0,-0.6899913193479769,4
2014-03-07 07:06:00,-1.8374398238021108,0,-0.6777362097380337,4
2014-03-07 07:11:00,0.9437717909007382,0,-0.6654811001280906,4
2014-03-07 07:16:00,-0.15024926013269546,0,-0.6532259905181474,4
2014-03-07 07:21:00,-1.6538650014657588,0,-0.6409708809082044,4
2014-03-07 07:26:00,-0.7317463852212797,0,-0.6287157712982612,4
2014-03-07 07:31:00,-0.7688858001448203,0,-0.6164606616883181,4
2014-03-07 07:36:00,0.4673261537387442,0,-0.604205552078375,4
2014-03-07 07:41:00,-0.8314922424445041,0,-0.5919504424684318,4
2014-03-07 07:46:00,0.8376591768334778,0,-0.5796953328584887,4
2014-03-07 07:51:00,-2.463504246798945,0,-0.5674402232485456,4
2014-03-07 07:56:00,0.33999101685803257,0,-0.5551851136386025,4
2014-03-07 08:01:00,-0.8548370175392995,0,-0.5429300040286592,4
2014-03-07 08:06:00,-0.8442257561325682,0,-0.5306748944187163,4
2014-03-07 08:11:00,1.6886823416528933,0,-0.518419784808773,4
2014-03-07 08:16:00,-2.4507707331108737,0,-0.5061646751988299,4
2014-03-07 08:21:00,-0.9694386407319396,0,-0.4939095655888869,4
2014-03-07 08:26:00,-1.5413856305544664,0,-0.4816544559789437,4
2014-03-07 08:31:00,-0.35292435300117003,0,-0.4693993463690005,4
2014-03-07 08:36:00,-1.2580649509948858,0,-0.4571442367590575,4
2014-03-07 08:41:00,0.2169003845400202,0,-0.4448891271491143,4
2014-03-07 08:46:00,-0.48238174216322194,0,-0.43263401753917113,4
2014-03-07 08:51:00,-2.288418433587969,0,-0.42037890792922816,4
2014-03-07 08:56:00,0.1893111048825331,0,-0.40812379831928497,4
2014-03-07 09:01:00,-0.8134530980530632,0,-0.3958686887093417,4
2014-03-07 09:06:00,-0.7009737271417746,0,-0.3836135790993988,4
2014-03-07 09:11:00,0.9618109352921715,0,-0.37135846948945556,4
2014-03-07 09:16:00,-0.9185045859796497,0,-0.35910335987951236,4
2014-03-07 09:21:00,-0.7731303047075121,0,-0.3468482502695694,4
2014-03-07 09:26:00,-1.3726665741875221,0,-0.3345931406596262,4
2014-03-07 09:31:00,-0.5492326890255937,0,-0.322338031049683,4
2014-03-07 09:36:00,0.21477813225866488,0,-0.31008292143974003,4
2014-03-07 09:41:00,-1.0925292730499596,0,-0.29782781182979684,4
2014-03-07 09:46:00,-0.7943528275209635,0,-0.28557270221985365,4
2014-03-07 09:51:00,-0.9185045859796497,0,-0.2733175926099107,4
2014-03-07 09:56:00,0.1394381762709133,0,-0.2610624829999675,4
2014-03-07 10:01:00,-0.25848412648130736,0,-0.24880737339002426,4
2014-03-07 10:06:00,-1.0681233718144902,0,-0.2365522637800813,4
2014-03-07 10:11:00,0.3283186293106349,0,-0.2242971541701381,4
2014-03-07 10:16:00,-1.2761040953863192,0,-0.21204204456019488,4
2014-03-07 10:21:00,-1.5912585591660786,0,-0.19978693495025193,4
2014-03-07 10:26:00,-1.4787791882547825,0,-0.1875318253403087,4
2014-03-07 10:31:00,-0.9312380996677287,0,-0.17527671573036552,4
2014-03-07 10:36:00,0.7623192208457225,0,-0.16302160612042257,4
2014-03-07 10:41:00,-2.2597680277898085,0,-0.15076649651047935,4
2014-03-07 10:46:00,-0.7943528275209635,0,-0.13851138690053613,4
2014-03-07 10:51:00,-0.03458651079938901,0,-0.1262562772905932,4
2014-03-07 10:56:00,-0.23726160366785604,0,-0.11400116768064998,4
2014-03-07 11:01:00,-0.6075946267625858,0,-0.10174605807070677,4
2014-03-07 11:06:00,-0.13857687258530157,0,-0.08949094846076382,4
2014-03-07 11:11:00,0.4641427753167263,0,-0.07723583885082061,4
2014-03-07 11:16:00,-0.8176976026157587,0,-0.0649807292408774,4
2014-03-07 11:21:00,-1.5371411259917747,0,-0.052725619630934445,4
2014-03-07 11:26:00,-0.7816193138328918,0,-0.04047051002099124,4
2014-03-07 11:31:00,-0.807086341209035,0,-0.028215400411048024,4
2014-03-07 11:36:00,0.14262155469293872,0,-0.015960290801105077,4
2014-03-07 11:41:00,0.28905696210575016,0,-0.0037051811911618646,4
2014-03-07 11:46:00,-1.5488135135391723,0,0.008549928418781346,4
2014-03-07 11:51:00,0.770808229971106,0,0.020805038028724295,4
2014-03-07 11:56:00,-0.9185045859796497,0,0.033060147638667506,4
2014-03-07 12:01:00,-0.6012278699185538,0,0.04531525724861072,4
2014-03-07 12:06:00,-0.6404895371234386,0,0.05757036685855367,4
2014-03-07 12:11:00,1.2430093625704082,0,0.06982547646849688,4
2014-03-07 12:16:00,-1.5764027931966593,0,0.08208058607844008,4
2014-03-07 12:21:00,-0.5449881844629058,0,0.09433569568838304,4
2014-03-07 12:26:00,-0.48238174216322194,0,0.10659080529832625,4
2014-03-07 12:31:00,-0.6447340416861266,0,0.11884591490826946,4
2014-03-07 12:36:00,-0.13008786345992182,0,0.1311010245182124,4
2014-03-07 12:41:00,0.19143335716387336,0,0.14335613412815562,4
2014-03-07 12:46:00,-2.408325687483971,0,0.15561124373809884,4
2014-03-07 12:51:00,-0.5587828242916474,0,0.16786635334804179,4
2014-03-07 12:56:00,0.5490328665705354,0,0.18012146295798498,4
2014-03-07 13:01:00,-0.594861113074518,0,0.1923765725679282,4
2014-03-07 13:06:00,0.1893111048825331,0,0.20463168217787114,4
2014-03-07 13:11:00,-0.17465516136817222,0,0.21688679178781436,4
2014-03-07 13:16:00,-0.8718150357900553,0,0.22914190139775759,4
2014-03-07 13:21:00,-0.8877319279001522,0,0.24139701100770053,4
2014-03-07 13:26:00,0.28905696210575016,0,0.25365212061764375,4
2014-03-07 13:31:00,-1.1179963004261027,0,0.26590723022758694,4
2014-03-07 13:36:00,-0.20861119786968754,0,0.2781623398375299,4
2014-03-07 13:41:00,1.135835622362474,0,0.2904174494474731,4
2014-03-07 13:46:00,-1.6973711732333352,0,0.3026725590574163,4
2014-03-07 13:51:00,0.2020446185705971,0,0.3149276686673593,4
2014-03-07 13:56:00,-0.14176025100731948,0,0.32718277827730247,4
2014-03-07 14:01:00,-0.2213447115577666,0,0.3394378878872457,4
2014-03-07 14:06:00,0.21477813225866488,0,0.35169299749718863,4
2014-03-07 14:11:00,-0.37839138037730186,0,0.3639481071071318,4
2014-03-07 14:16:00,-0.03458651079938901,0,0.3762032167170751,4
2014-03-07 14:21:00,-0.8813651710561089,0,0.388458326327018,4
2014-03-07 14:26:00,-0.006997231141901922,0,0.40071343593696124,4
2014-03-07 14:31:00,-1.2421480588847889,0,0.41296854554690443,4
2014-03-07 14:36:00,-0.2786455231540886,0,0.4252236551568474,4
2014-03-07 14:41:00,0.5617663802586031,0,0.4374787647667906,4
2014-03-07 14:46:00,-1.3917668447196294,0,0.4497338743767338,4
2014-03-07 14:51:00,-0.3221516949216613,0,0.46198898398667676,4
2014-03-07 14:56:00,0.3888028193289747,0,0.47424409359661995,4
2014-03-07 15:01:00,0.534177100601116,0,0.48649920320656315,4
2014-03-07 15:06:00,-1.043717470579021,0,0.4987543128165061,4
2014-03-07 15:11:00,-0.6829345827503412,0,0.5110094224264493,4
2014-03-07 15:16:00,-1.404500358407701,0,0.5232645320363926,4
2014-03-07 15:21:00,-0.8272477378818124,0,0.5355196416463355,4
2014-03-07 15:26:00,-0.5768219686830809,0,0.5477747512562787,4
2014-03-07 15:31:00,-0.7635801694414585,0,0.5600298608662219,4
2014-03-07 15:36:00,-0.18420529663422588,0,0.5722849704761649,4
2014-03-07 15:41:00,1.8340566229250421,0,0.584540080086108,4
2014-03-07 15:46:00,-2.276746046040568,0,0.5967951896960513,4
2014-03-07 15:51:00,0.1893111048825331,0,0.6090502993059942,4
2014-03-07 15:56:00,0.26783443929229883,0,0.6213054089159374,4
2014-03-07 16:01:00,-0.3582299837045282,0,0.6335605185258804,4
2014-03-07 16:06:00,-0.42083642600420823,0,0.6458156281358238,4
2014-03-07 16:11:00,1.2981879218853822,0,0.6580707377457669,4
2014-03-07 16:16:00,-1.3917668447196294,0,0.6703258473557098,4
2014-03-07 16:21:00,0.1394381762709133,0,0.6825809569656532,4
2014-03-07 16:26:00,-1.1370965709582024,0,0.6948360665755962,4
2014-03-07 16:31:00,0.040753445188362596,0,0.7070911761855392,4
2014-03-07 16:36:00,-0.8983431893068761,0,0.7193462857954827,4
2014-03-07 16:41:00,0.24661191647884753,0,0.7316013954054256,4
2014-03-07 16:46:00,-1.0553898581264187,0,0.7438565050153685,4
2014-03-07 16:51:00,-1.1179963004261027,0,0.756111614625312,4
2014-03-07 16:56:00,0.5882945337754201,0,0.768366724235255,4
2014-03-07 17:01:00,0.31452398948189325,0,0.7806218338451979,4
2014-03-07 17:06:00,-1.1307298141141742,0,0.7928769434551414,4
2014-03-07 17:11:00,1.335327336808923,0,0.8051320530650843,4
2014-03-07 17:16:00,-0.42508093056690377,0,0.8173871626750272,4
2014-03-07 17:21:00,-1.2707984646829535,0,0.8296422722849707,4
2014-03-07 17:26:00,-0.2499951173559238,0,0.8418973818949137,4
2014-03-07 17:31:00,0.351663404405434,0,0.8541524915048566,4
2014-03-07 17:36:00,2.0080813099953443,0,0.8664076011148001,4
2014-03-07 17:41:00,-0.9057710722915857,0,0.878662710724743,4
2014-03-07 17:46:00,0.21477813225866488,0,0.890917820334686,4
2014-03-07 17:51:00,-1.4246617550804823,0,0.9031729299446295,4
2014-03-07 17:56:00,-0.12478223275655993,0,0.9154280395545724,4
2014-03-07 18:01:00,0.9819723319649489,0,0.9276831491645153,4
2014-03-07 18:06:00,0.005736282546169621,0,0.9399382587744588,4
2014-03-07 18:11:00,-0.6075946267625858,0,0.9521933683844018,4
2014-03-07 18:16:00,0.2975459712311299,0,0.9644484779943447,4
2014-03-07 18:21:00,-1.0511453535637232,0,0.9767035876042882,4
2014-03-07 18:26:00,0.8588816996469291,0,0.9889586972142311,4
2014-03-07 18:31:00,-1.254881572572868,0,1.001213806824174,4
2014-03-07 18:36:00,-0.5449881844629058,0,1.0134689164341175,4
2014-03-07 18:41:00,0.3643969180935018,0,1.0257240260440605,4
2014-03-07 18:46:00,-0.6924847180163949,0,1.0379791356540036,4
2014-03-07 18:51:00,-1.1869694995698221,0,1.050234245263947,4
2014-03-07 18:56:00,0.6127004350108856,0,1.0624893548738898,4
2014-03-07 19:01:00,0.28905696210575016,0,1.0747444644838329,4
2014-03-07 19:06:00,-0.749785529612713,0,1.0869995740937763,4
2014-03-07 19:11:00,0.775052734533794,0,1.0992546837037194,4
2014-03-07 19:16:00,-1.5042462156309255,0,1.1115097933136622,4
2014-03-07 19:21:00,-0.333824082469059,0,1.1237649029236056,4
2014-03-07 19:26:00,-0.6320005279980588,0,1.1360200125335487,4
2014-03-07 19:31:00,0.4758151628641315,0,1.1482751221434917,4
2014-03-07 19:36:00,0.7506468332983247,0,1.1605302317534352,4
2014-03-07 19:41:00,-1.3747888264688624,0,1.172785341363378,4
2014-03-07 19:46:00,0.0004306518428039648,0,1.185040450973321,4
2014-03-07 19:51:00,0.4015363330170425,0,1.1972955605832645,4
2014-03-07 19:56:00,-0.0844594394110013,0,1.2095506701932073,4
2014-03-07 20:01:00,-0.4431200749583372,0,1.2218057798031503,4
2014-03-07 20:06:00,-0.23407822524583816,0,1.2340608894130938,4
2014-03-07 20:11:00,1.933802480148263,0,1.2463159990230368,4
2014-03-07 20:16:00,-1.72814383131284,0,1.2585711086329796,4
2014-03-07 20:21:00,0.17976096961647944,0,1.270826218242923,4
2014-03-07 20:26:00,-1.1179963004261027,0,1.283081327852866,4
2014-03-07 20:31:00,-0.5449881844629058,0,1.2953364374628091,4
2014-03-07 20:36:00,-0.3582299837045282,0,1.3075915470727526,4
2014-03-07 20:41:00,-0.18420529663422588,0,1.3198466566826954,4
2014-03-07 20:46:00,0.015286417812223278,0,1.3321017662926384,4
2014-03-07 20:51:00,-0.45797584092774896,0,1.344356875902582,4
2014-03-07 20:56:00,0.1999223662892531,0,1.356611985512525,4
2014-03-07 21:01:00,-0.42083642600420823,0,1.3688670951224677,4
2014-03-07 21:06:00,-0.5322546707748305,0,1.3811222047324112,4
2014-03-07 21:11:00,1.1920753078181257,0,1.3933773143423542,4
2014-03-07 21:16:00,-0.03458651079938901,0,1.4056324239522973,4
2014-03-07 21:21:00,-1.2304756713373988,0,1.4178875335622407,4
2014-03-07 21:26:00,0.8249256631454063,0,1.4301426431721835,4
2014-03-07 21:31:00,-1.4267840073618263,0,1.4423977527821266,4
2014-03-07 21:36:00,0.09274862608132266,0,1.45465286239207,4
2014-03-07 21:41:00,0.5140157039283386,0,1.466907972002013,4
2014-03-07 21:46:00,0.5882945337754201,0,1.4791630816119559,4
2014-03-07 21:51:00,-1.4289062596431703,0,1.4914181912218993,4
2014-03-07 21:56:00,0.6742457511698993,0,1.5036733008318424,4
2014-03-07 22:01:00,0.34741889984273844,0,1.5159284104417854,4
2014-03-07 22:06:00,-0.9439716133557965,0,1.5281835200517289,4
2014-03-07 22:11:00,0.5426661097264996,0,1.5404386296616717,4
2014-03-07 22:16:00,0.4514092616286548,0,1.5526937392716147,4
2014-03-07 22:21:00,-1.3047545011844763,0,1.5649488488815582,4
2014-03-07 22:26:00,-0.3083570550929159,0,1.5772039584915012,4
2014-03-07 22:31:00,-0.9885389112640431,0,1.589459068101444,4
2014-03-07 22:36:00,0.12246015802015374,0,1.6017141777113875,4
2014-03-07 22:41:00,-0.3826358849399974,0,1.6139692873213305,4
2014-03-07 22:46:00,-1.0999571560346617,0,1.6262243969312735,4
2014-03-07 22:51:00,0.6381674623870324,0,1.638479506541217,4
2014-03-07 22:56:00,-0.20861119786968754,0,1.6507346161511598,4
2014-03-07 23:01:00,-0.42083642600420823,0,1.6629897257611028,4
2014-03-07 23:06:00,-0.12159885433454204,0,1.6752448353710463,4
2014-03-07 23:11:00,1.2918211650413465,0,1.6874999449809893,4
2014-03-07 23:16:00,-0.719012871533208,0,1.6997550545909321,4
2014-03-07 23:21:00,0.20947250155530678,0,1.7120101642008756,4
2014-03-07 23:26:00,1.6717043234021336,0,1.7242652738108186,4
2014-03-07 23:31:00,-1.8522955897715339,0,1.7365203834207614,4
2014-03-07 23:36:00,0.11503227503545163,0,1.7487754930307051,4
2014-03-07 23:41:00,0.7506468332983247,0,1.761030602640648,4
2014-03-07 23:46:00,0.595722416760126,0,1.773285712250591,4
2014-03-07 23:51:00,-0.04625889834678667,0,1.7855408218605344,4
2014-03-07 23:56:00,0.1999223662892531,0,1.7977959314704772,4
2014-03-08 00:01:00,0.6158838134329072,0,-1.7194205265831992,5
2014-03-08 00:06:00,-1.018250443202878,0,-1.7071654169732562,5
2014-03-08 00:11:00,1.5337579251146944,0,-1.694910307363313,5
2014-03-08 00:16:00,-0.4749538591785123,0,-1.6826551977533697,5
2014-03-08 00:21:00,-0.23089484682382028,0,-1.6704000881434269,5
2014-03-08 00:26:00,0.8121921494573346,0,-1.6581449785334836,5
2014-03-08 00:31:00,-0.07490930414494763,0,-1.6458898689235404,5
2014-03-08 00:36:00,-0.9747442714353015,0,-1.6336347593135974,5
2014-03-08 00:41:00,-0.18420529663422588,0,-1.6213796497036541,5
2014-03-08 00:46:00,-0.19587768418162352,0,-1.609124540093711,5
2014-03-08 00:51:00,-0.062175790456876094,0,-1.596869430483768,5
2014-03-08 00:56:00,0.8249256631454063,0,-1.5846143208738248,5
2014-03-08 01:01:00,0.9374050340567024,0,-1.5723592112638818,5
2014-03-08 01:06:00,-0.2913790368421563,0,-1.5601041016539388,5
2014-03-08 01:11:00,0.1394381762709133,0,-1.5478489920439955,5
2014-03-08 01:16:00,-0.3454964700164566,0,-1.5355938824340525,5
2014-03-08 01:21:00,-0.9917222896860648,0,-1.5233387728241092,5
2014-03-08 01:26:00,0.31876849404458124,0,-1.511083663214166,5
2014-03-08 01:31:00,-0.18102191821220046,0,-1.4988285536042232,5
2014-03-08 01:36:00,-0.43993669653631934,0,-1.48657344399428,5
2014-03-08 01:41:00,1.2355814795856985,0,-1.4743183343843367,5
2014-03-08 01:46:00,-0.11417097134983238,0,-1.4620632247743939,5
2014-03-08 01:51:00,-0.7943528275209635,0,-1.4498081151644506,5
2014-03-08 01:56:00,0.8620650780689469,0,-1.4375530055545074,5
2014-03-08 02:01:00,0.5384216051638078,0,-1.4252978959445644,5
2014-03-08 02:06:00,-1.2050086439612557,0,-1.413042786334621,5
2014-03-08 02:11:00,0.7506468332983247,0,-1.400787676724678,5
2014-03-08 02:16:00,1.2302758488823364,0,-1.388532567114735,5
2014-03-08 02:21:00,-2.4253037057347306,0,-1.3762774575047918,5
2014-03-08 02:26:00,-0.27121764016937516,0,-1.3640223478948486,5
2014-03-08 02:31:00,0.7198741752188274,0,-1.3517672382849057,5
2014-03-08 02:36:00,-0.5884943562304823,0,-1.3395121286749625,5
2014-03-08 02:41:00,-0.7572134125974227,0,-1.3272570190650193,5
2014-03-08 02:46:00,-0.1088653406464705,0,-1.3150019094550762,5
2014-03-08 02:51:00,0.6010280474634917,0,-1.302746799845133,5
2014-03-08 02:56:00,1.1857085509740861,0,-1.29049169023519,5
2014-03-08 03:01:00,-0.6160836358879619,0,-1.278236580625247,5
2014-03-08 03:06:00,-0.6075946267625858,0,-1.2659814710153037,5
2014-03-08 03:11:00,0.7506468332983247,0,-1.2537263614053604,5
2014-03-08 03:16:00,0.5670720109619688,0,-1.2414712517954176,5
2014-03-08 03:21:00,0.03226443606298282,0,-1.2292161421854744,5
2014-03-08 03:26:00,-0.3667189928299117,0,-1.2169610325755311,5
2014-03-08 03:31:00,0.29224034052776804,0,-1.204705922965588,5
2014-03-08 03:36:00,0.3728859272188853,0,-1.192450813355645,5
2014-03-08 03:41:00,0.45989827075403455,0,-1.1801957037457018,5
2014-03-08 03:46:00,-0.2213447115577666,0,-1.1679405941357586,5
2014-03-08 03:51:00,0.9702999444175513,0,-1.1556854845258155,5
2014-03-08 03:56:00,-0.22983372068314262,0,-1.1434303749158723,5
2014-03-08 04:01:00,-0.3454964700164566,0,-1.1311752653059293,5
2014-03-08 04:06:00,1.1241632348150763,0,-1.1189201556959862,5
2014-03-08 04:11:00,-1.2920209874964086,0,-1.106665046086043,5
2014-03-08 04:16:00,-0.3083570550929159,0,-1.0944099364761,5
2014-03-08 04:21:00,0.7251798059221817,0,-1.082154826866157,5
2014-03-08 04:26:00,-1.0713067502365081,0,-1.0698997172562137,5
2014-03-08 04:31:00,-0.04732002448746055,0,-1.0576446076462707,5
2014-03-08 04:36:00,-0.07172592572292975,0,-1.0453894980363274,5
2014-03-08 04:41:00,0.5744998939466747,0,-1.0331343884263842,5
2014-03-08 04:46:00,-1.403439232267027,0,-1.0208792788164411,5
2014-03-08 04:51:00,1.1485691360505454,0,-1.0086241692064981,5
2014-03-08 04:56:00,-1.1296686879735003,0,-0.9963690595965549,5
2014-03-08 05:01:00,-0.41446966916017625,0,-0.9841139499866118,5
2014-03-08 05:06:00,-0.5449881844629058,0,-0.9718588403766687,5
2014-03-08 05:11:00,0.8249256631454063,0,-0.9596037307667256,5
2014-03-08 05:16:00,0.4015363330170425,0,-0.9473486211567824,5
2014-03-08 05:21:00,-0.3826358849399974,0,-0.9350935115468394,5
2014-03-08 05:26:00,-0.8463480084139235,0,-0.9228384019368961,5
2014-03-08 05:31:00,-1.1965196348358758,0,-0.9105832923269531,5
2014-03-08 05:36:00,-0.19057205347826164,0,-0.89832818271701,5
2014-03-08 05:41:00,0.2572231778855713,0,-0.8860730731070667,5
2014-03-08 05:46:00,-0.3709634973925997,0,-0.8738179634971237,5
2014-03-08 05:51:00,1.1475080099098753,0,-0.8615628538871806,5
2014-03-08 05:56:00,-1.2421480588847889,0,-0.8493077442772374,5
2014-03-08 06:01:00,-0.7688858001448203,0,-0.8370526346672943,5
2014-03-08 06:06:00,-0.4452423272396812,0,-0.8247975250573513,5
2014-03-08 06:11:00,0.5012821902402671,0,-0.812542415447408,5
2014-03-08 06:16:00,0.07789286011191088,0,-0.800287305837465,5
2014-03-08 06:21:00,-0.48238174216322194,0,-0.7880321962275219,5
2014-03-08 06:26:00,-1.4416397733312418,0,-0.7757770866175787,5
2014-03-08 06:31:00,0.08850412151863088,0,-0.7635219770076356,5
2014-03-08 06:36:00,-0.6320005279980588,0,-0.7512668673976926,5
2014-03-08 06:41:00,-1.4978794587868822,0,-0.7390117577877493,5
2014-03-08 06:46:00,-0.6946069702977389,0,-0.7267566481778062,5
2014-03-08 06:51:00,0.4386757479405832,0,-0.7145015385678631,5
2014-03-08 06:56:00,-0.42083642600420823,0,-0.7022464289579199,5
2014-03-08 07:01:00,-0.08021493484830952,0,-0.6899913193479769,5
2014-03-08 07:06:00,-1.2485148157288246,0,-0.6777362097380337,5
2014-03-08 07:11:00,1.0615567925153924,0,-0.6654811001280906,5
2014-03-08 07:16:00,0.5012821902402671,0,-0.6532259905181474,5
2014-03-08 07:21:00,-2.3510248758876493,0,-0.6409708809082044,5
2014-03-08 07:26:00,-0.599105617637206,0,-0.6287157712982612,5
2014-03-08 07:31:00,-0.7646412955821323,0,-0.6164606616883181,5
2014-03-08 07:36:00,-0.25848412648130736,0,-0.604205552078375,5
2014-03-08 07:41:00,-0.15449376469539103,0,-0.5919504424684318,5
2014-03-08 07:46:00,1.6642764404174277,0,-0.5796953328584887,5
2014-03-08 07:51:00,-2.9240329918508463,0,-0.5674402232485456,5
2014-03-08 07:56:00,0.24130628577548185,0,-0.5551851136386025,5
2014-03-08 08:01:00,-0.6638343122182339,0,-0.5429300040286592,5
2014-03-08 08:06:00,-0.07172592572292975,0,-0.5306748944187163,5
2014-03-08 08:11:00,-1.1179963004261027,0,-0.518419784808773,5
2014-03-08 08:16:00,0.2275116459467402,0,-0.5061646751988299,5
2014-03-08 08:21:00,-1.8034837873005956,0,-0.4939095655888869,5
2014-03-08 08:26:00,-0.20861119786968754,0,-0.4816544559789437,5
2014-03-08 08:31:00,-1.4172338720957727,0,-0.4693993463690005,5
2014-03-08 08:36:00,-0.3826358849399974,0,-0.4571442367590575,5
2014-03-08 08:41:00,-1.5254687384443768,0,-0.4448891271491143,5
2014-03-08 08:46:00,0.07258722940854523,0,-0.43263401753917113,5
2014-03-08 08:51:00,-1.72814383131284,0,-0.42037890792922816,5
2014-03-08 08:56:00,0.25191754718220566,0,-0.40812379831928497,5
2014-03-08 09:01:00,-0.3179071903589695,0,-0.3958686887093417,5
2014-03-08 09:06:00,-1.6910044163892994,0,-0.3836135790993988,5
2014-03-08 09:11:00,0.4153309728457879,0,-0.37135846948945556,5
2014-03-08 09:16:00,0.17763871733512415,0,-0.35910335987951236,5
2014-03-08 09:21:00,-0.8856096756188044,0,-0.3468482502695694,5
2014-03-08 09:26:00,-1.6156644604015478,0,-0.3345931406596262,5
2014-03-08 09:31:00,-0.8314922424445041,0,-0.322338031049683,5
2014-03-08 09:36:00,0.12776578872351563,0,-0.31008292143974003,5
2014-03-08 09:41:00,-1.0055169295148065,0,-0.29782781182979684,5
2014-03-08 09:46:00,0.5140157039283386,0,-0.28557270221985365,5
2014-03-08 09:51:00,-2.363758389575721,0,-0.2733175926099107,5
2014-03-08 09:56:00,0.351663404405434,0,-0.2610624829999675,5
2014-03-08 10:01:00,-0.8442257561325682,0,-0.24880737339002426,5
2014-03-08 10:06:00,-0.1714717829461468,0,-0.2365522637800813,5
2014-03-08 10:11:00,0.11078777047275608,0,-0.2242971541701381,5
2014-03-08 10:16:00,-0.5057265172580173,0,-0.21204204456019488,5
2014-03-08 10:21:00,-1.7536108586889834,0,-0.19978693495025193,5
2014-03-08 10:26:00,-1.0055169295148065,0,-0.1875318253403087,5
2014-03-08 10:31:00,-0.1767774136495162,0,-0.17527671573036552,5
2014-03-08 10:36:00,-1.3143046364505302,0,-0.16302160612042257,5
2014-03-08 10:41:00,-0.9811110282793373,0,-0.15076649651047935,5
2014-03-08 10:46:00,0.6127004350108856,0,-0.13851138690053613,5
2014-03-08 10:51:00,-2.6120619064931083,0,-0.1262562772905932,5
2014-03-08 10:56:00,0.28905696210575016,0,-0.11400116768064998,5
2014-03-08 11:01:00,-0.8940986847441881,0,-0.10174605807070677,5
2014-03-08 11:06:00,-0.7816193138328918,0,-0.08949094846076382,5
2014-03-08 11:11:00,-0.18420529663422588,0,-0.07723583885082061,5
2014-03-08 11:16:00,1.0233562514511816,0,-0.0649807292408774,5
2014-03-08 11:21:00,-1.8278896885360647,0,-0.052725619630934445,5
2014-03-08 11:26:00,-1.4702901791294027,0,-0.04047051002099124,5
2014-03-08 11:31:00,-0.8940986847441881,0,-0.028215400411048024,5
2014-03-08 11:36:00,-0.5078487695393651,0,-0.015960290801105077,5
2014-03-08 11:41:00,-0.1343323680226098,0,-0.0037051811911618646,5
2014-03-08 11:46:00,-0.19587768418162352,0,0.008549928418781346,5
2014-03-08 11:51:00,-0.45797584092774896,0,0.020805038028724295,5
2014-03-08 11:56:00,-0.6426117894047826,0,0.033060147638667506,5
2014-03-08 12:01:00,-1.3556885559367626,0,0.04531525724861072,5
2014-03-08 12:06:00,0.052425832735764025,0,0.05757036685855367,5
2014-03-08 12:11:00,-0.6447340416861266,0,0.06982547646849688,5
2014-03-08 12:16:00,0.25191754718220566,0,0.08208058607844008,5
2014-03-08 12:21:00,-1.8406232022241362,0,0.09433569568838304,5
2014-03-08 12:26:00,-0.9344214780897429,0,0.10659080529832625,5
2014-03-08 12:31:00,0.6105781827295453,0,0.11884591490826946,5
2014-03-08 12:36:00,-2.0963546021262296,0,0.1311010245182124,5
2014-03-08 12:41:00,-0.6075946267625858,0,0.14335613412815562,5
2014-03-08 12:46:00,0.10229876134737254,0,0.15561124373809884,5
2014-03-08 12:51:00,-1.6411314877776872,0,0.16786635334804179,5
2014-03-08 12:56:00,0.6010280474634917,0,0.18012146295798498,5
2014-03-08 13:01:00,-0.5577216981509773,0,0.1923765725679282,5
2014-03-08 13:06:00,-0.48238174216322194,0,0.20463168217787114,5
2014-03-08 13:11:00,2.1269274377506724,0,0.21688679178781436,5
2014-03-08 13:16:00,-1.9021685183831463,0,0.22914190139775759,5
2014-03-08 13:21:00,-0.2839511538574467,0,0.24139701100770053,5
2014-03-08 13:26:00,-1.254881572572868,0,0.25365212061764375,5
2014-03-08 13:31:00,-0.594861113074518,0,0.26590723022758694,5
2014-03-08 13:36:00,-0.25848412648130736,0,0.2781623398375299,5
2014-03-08 13:41:00,-0.021852997111317465,0,0.2904174494474731,5
2014-03-08 13:46:00,1.1857085509740861,0,0.3026725590574163,5
2014-03-08 13:51:00,-1.530774369147739,0,0.3149276686673593,5
2014-03-08 13:56:00,-0.43250881355160964,0,0.32718277827730247,5
2014-03-08 14:01:00,-0.48238174216322194,0,0.3394378878872457,5
2014-03-08 14:06:00,-0.5078487695393651,0,0.35169299749718863,5
2014-03-08 14:11:00,0.6891015171393148,0,0.3639481071071318,5
2014-03-08 14:16:00,0.4015363330170425,0,0.3762032167170751,5
2014-03-08 14:21:00,-1.4416397733312418,0,0.388458326327018,5
2014-03-08 14:26:00,0.2020446185705971,0,0.40071343593696124,5
2014-03-08 14:31:00,-0.418714173722868,0,0.41296854554690443,5
2014-03-08 14:36:00,-1.192275130273184,0,0.4252236551568474,5
2014-03-08 14:41:00,-0.520582283227429,0,0.4374787647667906,5
2014-03-08 14:46:00,0.327257503169961,0,0.4497338743767338,5
2014-03-08 14:51:00,-1.524407612303703,0,0.46198898398667676,5
2014-03-08 14:56:00,0.8992044929924877,0,0.47424409359661995,5
2014-03-08 15:01:00,-0.1088653406464705,0,0.48649920320656315,5
2014-03-08 15:06:00,-1.1424022016615718,0,0.4987543128165061,5
2014-03-08 15:11:00,0.6254339486989609,0,0.5110094224264493,5
2014-03-08 15:16:00,0.9872779626683147,0,0.5232645320363926,5
2014-03-08 15:21:00,-1.9371856810253392,0,0.5355196416463355,5
2014-03-08 15:26:00,-0.5078487695393651,0,0.5477747512562787,5
2014-03-08 15:31:00,-0.40810291231614043,0,0.5600298608662219,5
2014-03-08 15:36:00,-0.12159885433454204,0,0.5722849704761649,5
2014-03-08 15:41:00,0.9745444489802431,0,0.584540080086108,5
2014-03-08 15:46:00,0.6859181387172969,0,0.5967951896960513,5
2014-03-08 15:51:00,-1.7260215790314923,0,0.6090502993059942,5
2014-03-08 15:56:00,0.7623192208457225,0,0.6213054089159374,5
2014-03-08 16:01:00,-0.40810291231614043,0,0.6335605185258804,5
2014-03-08 16:06:00,-0.09719295309906907,0,0.6458156281358238,5
2014-03-08 16:11:00,0.2699566915736428,0,0.6580707377457669,5
2014-03-08 16:16:00,1.4308286894694557,0,0.6703258473557098,5
2014-03-08 16:21:00,-1.9647749606828262,0,0.6825809569656532,5
2014-03-08 16:26:00,-0.27121764016937516,0,0.6948360665755962,5
2014-03-08 16:31:00,0.3017904757938217,0,0.7070911761855392,5
2014-03-08 16:36:00,-1.1307298141141742,0,0.7193462857954827,5
2014-03-08 16:41:00,-0.1778385397901901,0,0.7316013954054256,5
2014-03-08 16:46:00,-0.09719295309906907,0,0.7438565050153685,5
2014-03-08 16:51:00,0.11503227503545163,0,0.756111614625312,5
2014-03-08 16:56:00,-0.5598439504323213,0,0.768366724235255,5
2014-03-08 17:01:00,-0.03458651079938901,0,0.7806218338451979,5
2014-03-08 17:06:00,-0.5545383197289594,0,0.7928769434551414,5
2014-03-08 17:11:00,0.5384216051638078,0,0.8051320530650843,5
2014-03-08 17:16:00,1.5220855375672968,0,0.8173871626750272,5
2014-03-08 17:21:00,-1.7769556337837786,0,0.8296422722849707,5
2014-03-08 17:26:00,0.08319849081526899,0,0.8418973818949137,5
2014-03-08 17:31:00,-1.1020794083160133,0,0.8541524915048566,5
2014-03-08 17:36:00,0.6944071478426767,0,0.8664076011148001,5
2014-03-08 17:41:00,-0.5322546707748305,0,0.878662710724743,5
2014-03-08 17:46:00,-0.3083570550929159,0,0.890917820334686,5
2014-03-08 17:51:00,0.5882945337754201,0,0.9031729299446295,5
2014-03-08 17:56:00,-0.15979939539875668,0,0.9154280395545724,5
2014-03-08 18:01:00,-0.11204871906848839,0,0.9276831491645153,5
2014-03-08 18:06:00,1.1422023792065097,0,0.9399382587744588,5
2014-03-08 18:11:00,-0.4431200749583372,0,0.9521933683844018,5
2014-03-08 18:16:00,-0.19269430575960186,0,0.9644484779943447,5
2014-03-08 18:21:00,0.48112079356748966,0,0.9767035876042882,5
2014-03-08 18:26:00,-1.1211796788481168,0,0.9889586972142311,5
2014-03-08 18:31:00,-0.43038656127026564,0,1.001213806824174,5
2014-03-08 18:36:00,-0.19587768418162352,0,1.0134689164341175,5
2014-03-08 18:41:00,-0.5354380491968521,0,1.0257240260440605,5
2014-03-08 18:46:00,0.39516957617300674,0,1.0379791356540036,5
2014-03-08 18:51:00,0.5384216051638078,0,1.050234245263947,5
2014-03-08 18:56:00,-0.8442257561325682,0,1.0624893548738898,5
2014-03-08 19:01:00,-0.3454964700164566,0,1.0747444644838329,5
2014-03-08 19:06:00,-0.39006376792470704,0,1.0869995740937763,5
2014-03-08 19:11:00,0.6753068773105732,0,1.0992546837037194,5
2014-03-08 19:16:00,0.4885486765521955,0,1.1115097933136622,5
2014-03-08 19:21:00,-0.3709634973925997,0,1.1237649029236056,5
2014-03-08 19:26:00,-0.1587382692580828,0,1.1360200125335487,5
2014-03-08 19:31:00,-1.1307298141141742,0,1.1482751221434917,5
2014-03-08 19:36:00,0.0025529041241517353,0,1.1605302317534352,5
2014-03-08 19:41:00,0.3888028193289747,0,1.172785341363378,5
2014-03-08 19:46:00,-1.1020794083160133,0,1.185040450973321,5
2014-03-08 19:51:00,0.6625733636225016,0,1.1972955605832645,5
2014-03-08 19:56:00,-0.021852997111317465,0,1.2095506701932073,5
2014-03-08 20:01:00,1.0435176481239665,0,1.2218057798031503,5
2014-03-08 20:06:00,-1.8374398238021108,0,1.2340608894130938,5
2014-03-08 20:11:00,0.5140157039283386,0,1.2463159990230368,5
2014-03-08 20:16:00,-0.43250881355160964,0,1.2585711086329796,5
2014-03-08 20:21:00,0.8493315643808754,0,1.270826218242923,5
2014-03-08 20:26:00,-0.83785899928854,0,1.283081327852866,5
2014-03-08 20:31:00,-1.0776735070805439,0,1.2953364374628091,5
2014-03-08 20:36:00,0.5755610200873448,0,1.3075915470727526,5
2014-03-08 20:41:00,-0.7179517453925304,0,1.3198466566826954,5
2014-03-08 20:46:00,1.161302649738617,0,1.3321017662926384,5
2014-03-08 20:51:00,-2.1271272602057345,0,1.344356875902582,5
2014-03-08 20:56:00,0.6742457511698993,0,1.356611985512525,5
2014-03-08 21:01:00,-0.33488520860973287,0,1.3688670951224677,5
2014-03-08 21:06:00,-0.27121764016937516,0,1.3811222047324112,5
2014-03-08 21:11:00,1.7841836943134262,0,1.3933773143423542,5
2014-03-08 21:16:00,-0.749785529612713,0,1.4056324239522973,5
2014-03-08 21:21:00,-1.3291604024199495,0,1.4178875335622407,5
2014-03-08 21:26:00,-0.520582283227429,0,1.4301426431721835,5
2014-03-08 21:31:00,0.052425832735764025,0,1.4423977527821266,5
2014-03-08 21:36:00,-0.4176530475821941,0,1.45465286239207,5
2014-03-08 21:41:00,0.06834272484584968,0,1.466907972002013,5
2014-03-08 21:46:00,1.24831499327377,0,1.4791630816119559,5
2014-03-08 21:51:00,-1.9488580685727406,0,1.4914181912218993,5
2014-03-08 21:56:00,0.8747985917570186,0,1.5036733008318424,5
2014-03-08 22:01:00,-0.5322546707748305,0,1.5159284104417854,5
2014-03-08 22:06:00,-0.18420529663422588,0,1.5281835200517289,5
2014-03-08 22:11:00,0.8747985917570186,0,1.5404386296616717,5
2014-03-08 22:16:00,0.31452398948189325,0,1.5526937392716147,5
2014-03-08 22:21:00,-0.2043666933070033,0,1.5649488488815582,5
2014-03-08 22:26:00,-0.7444798989093512,0,1.5772039584915012,5
2014-03-08 22:31:00,-1.1806027427257864,0,1.589459068101444,5
2014-03-08 22:36:00,-0.1587382692580828,0,1.6017141777113875,5
2014-03-08 22:41:00,-0.3709634973925997,0,1.6139692873213305,5
2014-03-08 22:46:00,1.2111755783502292,0,1.6262243969312735,5
2014-03-08 22:51:00,-2.0241980245604925,0,1.638479506541217,5
2014-03-08 22:56:00,0.7124462922341139,0,1.6507346161511598,5
2014-03-08 23:01:00,0.4386757479405832,0,1.6629897257611028,5
2014-03-08 23:06:00,-1.0055169295148065,0,1.6752448353710463,5
2014-03-08 23:11:00,2.6054953271940104,0,1.6874999449809893,5
2014-03-08 23:16:00,-2.1218216295023726,0,1.6997550545909321,5
2014-03-08 23:21:00,-0.23407822524583816,0,1.7120101642008756,5
2014-03-08 23:26:00,-0.3826358849399974,0,1.7242652738108186,5
2014-03-08 23:31:00,-0.1714717829461468,0,1.7365203834207614,5
2014-03-08 23:36:00,0.16490520364705638,0,1.7487754930307051,5
2014-03-08 23:41:00,1.580447475304289,0,1.761030602640648,5
2014-03-08 23:46:00,-1.491512701942854,0,1.773285712250591,5
2014-03-08 23:51:00,1.0933905767355712,0,1.7855408218605344,5
2014-03-08 23:56:00,-0.5524160674476116,0,1.7977959314704772,5
2014-03-09 00:01:00,-0.3826358849399974,0,-1.7194205265831992,6
2014-03-09 00:06:00,-0.2956235414048481,0,-1.7071654169732562,6
2014-03-09 00:11:00,1.511474276160573,0,-1.694910307363313,6
2014-03-09 00:16:00,-1.1402799493802278,0,-1.6826551977533697,6
2014-03-09 00:21:00,-0.31472381193695165,0,-1.6704000881434269,6
2014-03-09 00:26:00,0.10972664433208597,0,-1.6581449785334836,6
2014-03-09 00:31:00,0.4514092616286548,0,-1.6458898689235404,6
2014-03-09 00:36:00,-0.7688858001448203,0,-1.6336347593135974,6
2014-03-09 00:41:00,1.2642318853838594,0,-1.6213796497036541,6
2014-03-09 00:46:00,-1.9902419880589695,0,-1.609124540093711,6
2014-03-09 00:51:00,-0.42083642600420823,0,-1.596869430483768,6
2014-03-09 00:56:00,0.9119380066805592,0,-1.5846143208738248,6
2014-03-09 01:01:00,-0.1714717829461468,0,-1.5723592112638818,6
2014-03-09 01:06:00,0.9119380066805592,0,-1.5601041016539388,6
2014-03-09 01:11:00,0.11503227503545163,0,-1.5478489920439955,6
2014-03-09 01:16:00,-1.1551357153496433,0,-1.5355938824340525,6
2014-03-09 01:21:00,-0.40810291231614043,0,-1.5233387728241092,6
2014-03-09 01:26:00,-0.3582299837045282,0,-1.511083663214166,6
2014-03-09 01:31:00,0.1394381762709133,0,-1.4988285536042232,6
2014-03-09 01:36:00,-0.3083570550929159,0,-1.48657344399428,6
2014-03-09 01:41:00,1.8584625241605075,0,-1.4743183343843367,6
2014-03-09 01:46:00,-2.1642666751292756,0,-1.4620632247743939,6
2014-03-09 01:51:00,0.3643969180935018,0,-1.4498081151644506,6
2014-03-09 01:56:00,-0.6320005279980588,0,-1.4375530055545074,6
2014-03-09 03:00:00,-0.3274573256250232,0,-1.2806876025472353,6
2014-03-09 03:00:00,-0.8760595403527508,0,-1.2806876025472353,6
2014-03-09 03:00:00,0.9490774216041,0,-1.2806876025472353,6
2014-03-09 03:00:00,0.6509009760751039,0,-1.2806876025472353,6
2014-03-09 03:00:00,-0.45691471478707885,0,-1.2806876025472353,6
2014-03-09 03:00:00,-0.8940986847441881,0,-1.2806876025472353,6
2014-03-09 03:00:00,-0.15449376469539103,0,-1.2806876025472353,6
2014-03-09 03:00:00,-0.7402353943466594,0,-1.2806876025472353,6
2014-03-09 03:00:00,0.9533219261667918,0,-1.2806876025472353,6
2014-03-09 03:00:00,-1.5180408554596672,0,-1.2806876025472353,6
2014-03-09 03:00:00,-0.40385840775344867,0,-1.2806876025472353,6
2014-03-09 03:00:00,0.9872779626683147,0,-1.2806876025472353,6
2014-03-09 03:01:00,0.3888028193289747,0,-1.278236580625247,6
2014-03-09 03:06:00,-0.30411255053022035,0,-1.2659814710153037,6
2014-03-09 03:11:00,0.6328618316836667,0,-1.2537263614053604,6
2014-03-09 03:16:00,-0.9811110282793373,0,-1.2414712517954176,6
2014-03-09 03:21:00,0.9618109352921715,0,-1.2292161421854744,6
2014-03-09 03:26:00,0.5882945337754201,0,-1.2169610325755311,6
2014-03-09 03:31:00,-1.0925292730499596,0,-1.204705922965588,6
2014-03-09 03:36:00,0.8037031403319549,0,-1.192450813355645,6
2014-03-09 03:41:00,0.17763871733512415,0,-1.1801957037457018,6
2014-03-09 03:46:00,-1.3047545011844763,0,-1.1679405941357586,6
2014-03-09 03:51:00,-0.04625889834678667,0,-1.1556854845258155,6
2014-03-09 03:56:00,0.4885486765521955,0,-1.1434303749158723,6
2014-03-09 04:01:00,-0.333824082469059,0,-1.1311752653059293,6
2014-03-09 04:06:00,0.6010280474634917,0,-1.1189201556959862,6
2014-03-09 04:11:00,0.7877862482218655,0,-1.106665046086043,6
2014-03-09 04:16:00,-1.0617566149704545,0,-1.0944099364761,6
2014-03-09 04:21:00,-0.2319559729644904,0,-1.082154826866157,6
2014-03-09 04:26:00,-0.3826358849399974,0,-1.0698997172562137,6
2014-03-09 04:31:00,0.6349840839650145,0,-1.0576446076462707,6
2014-03-09 04:36:00,-0.3189683164996434,0,-1.0453894980363274,6
2014-03-09 04:41:00,-0.9842944067013552,0,-1.0331343884263842,6
2014-03-09 04:46:00,0.351663404405434,0,-1.0208792788164411,6
2014-03-09 04:51:00,-1.1498300846462814,0,-1.0086241692064981,6
2014-03-09 04:56:00,0.6880403909986447,0,-0.9963690595965549,6
2014-03-09 05:01:00,-0.24575061279322827,0,-0.9841139499866118,6
2014-03-09 05:06:00,0.5161379562096826,0,-0.9718588403766687,6
2014-03-09 05:11:00,-0.49511525585128974,0,-0.9596037307667256,6
2014-03-09 05:16:00,-0.14600475557001502,0,-0.9473486211567824,6
2014-03-09 05:21:00,0.9830334581056228,0,-0.9350935115468394,6
2014-03-09 05:26:00,-1.7780167599244525,0,-0.9228384019368961,6
2014-03-09 05:31:00,0.052425832735764025,0,-0.9105832923269531,6
2014-03-09 05:36:00,0.9618109352921715,0,-0.89832818271701,6
2014-03-09 05:41:00,-0.567271833417031,0,-0.8860730731070667,6
2014-03-09 05:46:00,0.4015363330170425,0,-0.8738179634971237,6
2014-03-09 05:51:00,-1.110568417441393,0,-0.8615628538871806,6
2014-03-09 05:56:00,0.5638886325399509,0,-0.8493077442772374,6
2014-03-09 06:01:00,0.4280644865338595,0,-0.8370526346672943,6
2014-03-09 06:06:00,-0.3274573256250232,0,-0.8247975250573513,6
2014-03-09 06:11:00,0.946955169322756,0,-0.812542415447408,6
2014-03-09 06:16:00,-1.3302215285606196,0,-0.800287305837465,6
2014-03-09 06:21:00,-0.40279728161277856,0,-0.7880321962275219,6
2014-03-09 06:26:00,-0.24150610823054405,0,-0.7757770866175787,6
2014-03-09 06:31:00,0.26465106087028095,0,-0.7635219770076356,6
2014-03-09 06:36:00,-0.2510562434965977,0,-0.7512668673976926,6
2014-03-09 06:41:00,0.015286417812223278,0,-0.7390117577877493,6
2014-03-09 06:46:00,-1.43633414262788,0,-0.7267566481778062,6
2014-03-09 06:51:00,0.21371700611799477,0,-0.7145015385678631,6
2014-03-09 06:56:00,-0.12372110661588605,0,-0.7022464289579199,6
2014-03-09 07:01:00,-0.3953693986280689,0,-0.6899913193479769,6
2014-03-09 07:06:00,-0.45797584092774896,0,-0.6777362097380337,6
2014-03-09 07:11:00,2.1269274377506724,0,-0.6654811001280906,6
2014-03-09 07:16:00,-1.2771652215269893,0,-0.6532259905181474,6
2014-03-09 07:21:00,-1.2421480588847889,0,-0.6409708809082044,6
2014-03-09 07:26:00,-0.48238174216322194,0,-0.6287157712982612,6
2014-03-09 07:31:00,-0.7317463852212797,0,-0.6164606616883181,6
2014-03-09 07:36:00,0.7591358424237045,0,-0.604205552078375,6
2014-03-09 07:41:00,-0.23407822524583816,0,-0.5919504424684318,6
2014-03-09 07:46:00,-0.6447340416861266,0,-0.5796953328584887,6
2014-03-09 07:51:00,-1.4320896380651882,0,-0.5674402232485456,6
2014-03-09 07:56:00,0.5511551188518794,0,-0.5551851136386025,6
2014-03-09 08:01:00,-0.7943528275209635,0,-0.5429300040286592,6
2014-03-09 08:06:00,0.5384216051638078,0,-0.5306748944187163,6
2014-03-09 08:11:00,-0.955644000903198,0,-0.518419784808773,6
2014-03-09 08:16:00,-0.520582283227429,0,-0.5061646751988299,6
2014-03-09 08:21:00,0.6381674623870324,0,-0.4939095655888869,6
2014-03-09 08:26:00,-2.0401149166705856,0,-0.4816544559789437,6
2014-03-09 08:31:00,-0.6511007985301623,0,-0.4693993463690005,6
2014-03-09 08:36:00,0.15323281609965872,0,-0.4571442367590575,6
2014-03-09 08:41:00,-1.48939044966151,0,-0.4448891271491143,6
2014-03-09 08:46:00,-0.6691399429215957,0,-0.43263401753917113,6
2014-03-09 08:51:00,-0.1343323680226098,0,-0.42037890792922816,6
2014-03-09 08:56:00,-0.3019902982488839,0,-0.40812379831928497,6
2014-03-09 09:01:00,-0.14600475557001502,0,-0.3958686887093417,6
2014-03-09 09:06:00,-0.3083570550929159,0,-0.3836135790993988,6
2014-03-09 09:11:00,-0.7285630067992618,0,-0.37135846948945556,6
2014-03-09 09:16:00,-0.5704552118390451,0,-0.35910335987951236,6
2014-03-09 09:21:00,-0.6808123304689897,0,-0.3468482502695694,6
2014-03-09 09:26:00,-0.7073404839858104,0,-0.3345931406596262,6
2014-03-09 09:31:00,-0.8314922424445041,0,-0.322338031049683,6
2014-03-09 09:36:00,0.7697471038304321,0,-0.31008292143974003,6
2014-03-09 09:41:00,0.31452398948189325,0,-0.29782781182979684,6
2014-03-09 09:46:00,-2.1642666751292756,0,-0.28557270221985365,6
2014-03-09 09:51:00,-0.6818734566096674,0,-0.2733175926099107,6
2014-03-09 09:56:00,0.4259422342525117,0,-0.2610624829999675,6
2014-03-09 10:01:00,0.0025529041241517353,0,-0.24880737339002426,6
2014-03-09 10:06:00,-0.6946069702977389,0,-0.2365522637800813,6
2014-03-09 10:11:00,-0.8442257561325682,0,-0.2242971541701381,6
2014-03-09 10:16:00,-0.20861119786968754,0,-0.21204204456019488,6
2014-03-09 10:21:00,-1.5488135135391723,0,-0.19978693495025193,6
2014-03-09 10:26:00,-0.0844594394110013,0,-0.1875318253403087,6
2014-03-09 10:31:00,-1.4289062596431703,0,-0.17527671573036552,6
2014-03-09 10:36:00,0.12776578872351563,0,-0.16302160612042257,6
2014-03-09 10:41:00,-1.6411314877776872,0,-0.15076649651047935,6
2014-03-09 10:46:00,0.06197596800181391,0,-0.13851138690053613,6
2014-03-09 10:51:00,-0.9185045859796497,0,-0.1262562772905932,6
2014-03-09 10:56:00,-0.40810291231614043,0,-0.11400116768064998,6
2014-03-09 11:01:00,0.07789286011191088,0,-0.10174605807070677,6
2014-03-09 11:06:00,-1.404500358407701,0,-0.08949094846076382,6
2014-03-09 11:11:00,0.9246715203686308,0,-0.07723583885082061,6
2014-03-09 11:16:00,-1.3854000878755937,0,-0.0649807292408774,6
2014-03-09 11:21:00,-0.6320005279980588,0,-0.052725619630934445,6
2014-03-09 11:26:00,0.6625733636225016,0,-0.04047051002099124,6
2014-03-09 11:31:00,-2.463504246798945,0,-0.028215400411048024,6
2014-03-09 11:36:00,0.10229876134737254,0,-0.015960290801105077,6
2014-03-09 11:41:00,-0.7444798989093512,0,-0.0037051811911618646,6
2014-03-09 11:46:00,-1.049023101282383,0,0.008549928418781346,6
2014-03-09 11:51:00,-0.7444798989093512,0,0.020805038028724295,6
2014-03-09 11:56:00,1.011683863903784,0,0.033060147638667506,6
2014-03-09 12:01:00,-0.45797584092774896,0,0.04531525724861072,6
2014-03-09 12:06:00,-1.0055169295148065,0,0.05757036685855367,6
2014-03-09 12:11:00,-0.6818734566096674,0,0.06982547646849688,6
2014-03-09 12:16:00,-0.7572134125974227,0,0.08208058607844008,6
2014-03-09 12:21:00,-0.6956680964384128,0,0.09433569568838304,6
2014-03-09 12:26:00,-0.6213892665913313,0,0.10659080529832625,6
2014-03-09 12:31:00,0.15217168995899236,0,0.11884591490826946,6
2014-03-09 12:36:00,-1.043717470579021,0,0.1311010245182124,6
2014-03-09 12:41:00,-0.5502938151662676,0,0.14335613412815562,6
2014-03-09 12:46:00,-1.1052627867380311,0,0.15561124373809884,6
2014-03-09 12:51:00,-0.9131989552762916,0,0.16786635334804179,6
2014-03-09 12:56:00,1.3788335085764996,0,0.18012146295798498,6
2014-03-09 13:01:00,-1.554119144242538,0,0.1923765725679282,6
2014-03-09 13:06:00,-0.6075946267625858,0,0.20463168217787114,6
2014-03-09 13:11:00,1.4700903566743406,0,0.21688679178781436,6
2014-03-09 13:16:00,-1.7896891474718502,0,0.22914190139775759,6
2014-03-09 13:21:00,-0.7572134125974227,0,0.24139701100770053,6
2014-03-09 13:26:00,0.21796151068068656,0,0.25365212061764375,6
2014-03-09 13:31:00,-0.9322992258083989,0,0.26590723022758694,6
2014-03-09 13:36:00,-0.9418493610744563,0,0.2781623398375299,6
2014-03-09 13:41:00,-0.011241735704593693,0,0.2904174494474731,6
2014-03-09 13:46:00,-0.48238174216322194,0,0.3026725590574163,6
2014-03-09 13:51:00,-0.12159885433454204,0,0.3149276686673593,6
2014-03-09 13:56:00,-0.1290267373192517,0,0.32718277827730247,6
2014-03-09 14:01:00,0.4386757479405832,0,0.3394378878872457,6
2014-03-09 14:06:00,-1.5413856305544664,0,0.35169299749718863,6
2014-03-09 14:11:00,0.4758151628641315,0,0.3639481071071318,6
2014-03-09 14:16:00,-0.3476187222978044,0,0.3762032167170751,6
2014-03-09 14:21:00,-0.270156514028705,0,0.388458326327018,6
2014-03-09 14:26:00,-0.702034853282441,0,0.40071343593696124,6
2014-03-09 14:31:00,1.216481209053591,0,0.41296854554690443,6
2014-03-09 14:36:00,-2.214139603740888,0,0.4252236551568474,6
2014-03-09 14:41:00,-0.3964305247687428,0,0.4374787647667906,6
2014-03-09 14:46:00,-0.6447340416861266,0,0.4497338743767338,6
2014-03-09 14:51:00,0.12139903187947985,0,0.46198898398667676,6
2014-03-09 14:56:00,0.06728159870517957,0,0.47424409359661995,6
2014-03-09 15:01:00,-0.520582283227429,0,0.48649920320656315,6
2014-03-09 15:06:00,0.5882945337754201,0,0.4987543128165061,6
2014-03-09 15:11:00,0.775052734533794,0,0.5110094224264493,6
2014-03-09 15:16:00,-1.678270902701228,0,0.5232645320363926,6
2014-03-09 15:21:00,-0.3210905687809874,0,0.5355196416463355,6
2014-03-09 15:26:00,-0.48238174216322194,0,0.5477747512562787,6
2014-03-09 15:31:00,-0.27121764016937516,0,0.5600298608662219,6
2014-03-09 15:36:00,1.098696207438933,0,0.5722849704761649,6
2014-03-09 15:41:00,-0.1587382692580828,0,0.584540080086108,6
2014-03-09 15:46:00,-0.40810291231614043,0,0.5967951896960513,6
2014-03-09 15:51:00,-1.0808568855025618,0,0.6090502993059942,6
2014-03-09 15:56:00,1.397933779108603,0,0.6213054089159374,6
2014-03-09 16:01:00,-1.043717470579021,0,0.6335605185258804,6
2014-03-09 16:06:00,-0.3454964700164566,0,0.6458156281358238,6
2014-03-09 16:11:00,1.6717043234021336,0,0.6580707377457669,6
2014-03-09 16:16:00,-1.254881572572868,0,0.6703258473557098,6
2014-03-09 16:21:00,0.37076367493753754,0,0.6825809569656532,6
2014-03-09 16:26:00,-1.0055169295148065,0,0.6948360665755962,6
2014-03-09 16:31:00,0.5256880914757363,0,0.7070911761855392,6
2014-03-09 16:36:00,-1.2050086439612557,0,0.7193462857954827,6
2014-03-09 16:41:00,0.6349840839650145,0,0.7316013954054256,6
2014-03-09 16:46:00,-1.1424022016615718,0,0.7438565050153685,6
2014-03-09 16:51:00,-0.08233718712965729,0,0.756111614625312,6
2014-03-09 16:56:00,1.5974254935550523,0,0.768366724235255,6
2014-03-09 17:01:00,-0.5821275993864465,0,0.7806218338451979,6
2014-03-09 17:06:00,-0.5449881844629058,0,0.7928769434551414,6
2014-03-09 17:11:00,1.395811526827259,0,0.8051320530650843,6
2014-03-09 17:16:00,-0.3157849380776293,0,0.8173871626750272,6
2014-03-09 17:21:00,-1.043717470579021,0,0.8296422722849707,6
2014-03-09 17:26:00,-0.27121764016937516,0,0.8418973818949137,6
2014-03-09 17:31:00,0.5012821902402671,0,0.8541524915048566,6
2014-03-09 17:36:00,0.0651593464238318,0,0.8664076011148001,6
2014-03-09 17:41:00,2.013386940698706,0,0.878662710724743,6
2014-03-09 17:46:00,-1.7154103176247686,0,0.890917820334686,6
2014-03-09 17:51:00,0.028019931500291053,0,0.9031729299446295,6
2014-03-09 17:56:00,0.9618109352921715,0,0.9154280395545724,6
2014-03-09 18:01:00,0.16490520364705638,0,0.9276831491645153,6
2014-03-09 18:06:00,1.0615567925153924,0,0.9399382587744588,6
2014-03-09 18:11:00,-0.2213447115577666,0,0.9521933683844018,6
2014-03-09 18:16:00,0.7623192208457225,0,0.9644484779943447,6
2014-03-09 18:21:00,-1.1307298141141742,0,0.9767035876042882,6
2014-03-09 18:26:00,0.3771304317815733,0,0.9889586972142311,6
2014-03-09 18:31:00,-0.7317463852212797,0,1.001213806824174,6
2014-03-09 18:36:00,-0.3454964700164566,0,1.0134689164341175,6
2014-03-09 18:41:00,0.5012821902402671,0,1.0257240260440605,6
2014-03-09 18:46:00,0.03438668834432682,0,1.0379791356540036,6
2014-03-09 18:51:00,-0.8558981436799696,0,1.050234245263947,6
2014-03-09 18:56:00,0.27738457455835247,0,1.0624893548738898,6
2014-03-09 19:01:00,-0.1343323680226098,0,1.0747444644838329,6
2014-03-09 19:06:00,-0.1534326385547209,0,1.0869995740937763,6
2014-03-09 19:11:00,2.5683559122704698,0,1.0992546837037194,6
2014-03-09 19:16:00,0.39092507161031875,0,1.1115097933136622,6
2014-03-09 19:21:00,-1.491512701942854,0,1.1237649029236056,6
2014-03-09 19:26:00,-0.3953693986280689,0,1.1360200125335487,6
2014-03-09 19:31:00,-0.1714717829461468,0,1.1482751221434917,6
2014-03-09 19:36:00,2.0080813099953443,0,1.1605302317534352,6
2014-03-09 19:41:00,-1.2994488704811145,0,1.172785341363378,6
2014-03-09 19:46:00,-0.303051424389554,0,1.185040450973321,6
2014-03-09 19:51:00,-0.2531784957779417,0,1.1972955605832645,6
2014-03-09 19:56:00,1.2610485069618416,0,1.2095506701932073,6
2014-03-09 20:01:00,-0.839981251569884,0,1.2218057798031503,6
2014-03-09 20:06:00,1.4923740056284658,0,1.2340608894130938,6
2014-03-09 20:11:00,-1.0606954888297844,0,1.2463159990230368,6
2014-03-09 20:16:00,-0.2213447115577666,0,1.2585711086329796,6
2014-03-09 20:21:00,0.27738457455835247,0,1.270826218242923,6
2014-03-09 20:26:00,-1.0479619751417129,0,1.283081327852866,6
2014-03-09 20:31:00,-0.1311489896005957,0,1.2953364374628091,6
2014-03-09 20:36:00,0.37925268406292106,0,1.3075915470727526,6
2014-03-09 20:41:00,-0.06642029501956787,0,1.3198466566826954,6
2014-03-09 20:46:00,-0.9439716133557965,0,1.3321017662926384,6
2014-03-09 20:51:00,-0.3953693986280689,0,1.344356875902582,6
2014-03-09 20:56:00,1.4478067077202152,0,1.356611985512525,6
2014-03-09 21:01:00,-1.0681233718144902,0,1.3688670951224677,6
2014-03-09 21:06:00,0.6678789943258635,0,1.3811222047324112,6
2014-03-09 21:11:00,0.8493315643808754,0,1.3933773143423542,6
2014-03-09 21:16:00,-0.45797584092774896,0,1.4056324239522973,6
2014-03-09 21:21:00,-1.1179963004261027,0,1.4178875335622407,6
2014-03-09 21:26:00,-0.44099782267698945,0,1.4301426431721835,6
2014-03-09 21:31:00,0.06834272484584968,0,1.4423977527821266,6
2014-03-09 21:36:00,0.2285727720874103,0,1.45465286239207,6
2014-03-09 21:41:00,1.2854544081973107,0,1.466907972002013,6
2014-03-09 21:46:00,-0.9439716133557965,0,1.4791630816119559,6
2014-03-09 21:51:00,0.8121921494573346,0,1.4914181912218993,6
2014-03-09 21:56:00,-0.2956235414048481,0,1.5036733008318424,6
2014-03-09 22:01:00,-0.3561077314231842,0,1.5159284104417854,6
2014-03-09 22:06:00,-0.3709634973925997,0,1.5281835200517289,6
2014-03-09 22:11:00,1.697171350778273,0,1.5404386296616717,6
2014-03-09 22:16:00,-1.2421480588847889,0,1.5526937392716147,6
2014-03-09 22:21:00,-0.20861119786968754,0,1.5649488488815582,6
2014-03-09 22:26:00,0.4386757479405832,0,1.5772039584915012,6
2014-03-09 22:31:00,0.015286417812223278,0,1.589459068101444,6
2014-03-09 22:36:00,-1.043717470579021,0,1.6017141777113875,6
2014-03-09 22:41:00,0.1288269148641895,0,1.6139692873213305,6
2014-03-09 22:46:00,0.7877862482218655,0,1.6262243969312735,6
2014-03-09 22:51:00,-1.254881572572868,0,1.638479506541217,6
2014-03-09 22:56:00,1.1241632348150763,0,1.6507346161511598,6
2014-03-09 23:01:00,0.0938097522220003,0,1.6629897257611028,6
2014-03-09 23:06:00,1.097635081298263,0,1.6752448353710463,6
2014-03-09 23:11:00,0.5384216051638078,0,1.6874999449809893,6
2014-03-09 23:16:00,1.771450180625362,0,1.6997550545909321,6
2014-03-09 23:21:00,-1.5413856305544664,0,1.7120101642008756,6
2014-03-09 23:26:00,0.7952141312065751,0,1.7242652738108186,6
2014-03-09 23:31:00,-0.5937999869338442,0,1.7365203834207614,6
2014-03-09 23:36:00,0.5352382267417899,0,1.7487754930307051,6
2014-03-09 23:41:00,1.0244173775918517,0,1.761030602640648,6
2014-03-09 23:46:00,0.5437272358671698,0,1.773285712250591,6
2014-03-09 23:51:00,0.4514092616286548,0,1.7855408218605344,6
2014-03-09 23:56:00,0.07789286011191088,0,1.7977959314704772,6
2014-03-10 00:01:00,0.23918403349413786,0,-1.7194205265831992,0
2014-03-10 00:06:00,0.9713610705582252,0,-1.7071654169732562,0
2014-03-10 00:11:00,0.5713165155246568,0,-1.694910307363313,0
2014-03-10 00:16:00,-0.5449881844629058,0,-1.6826551977533697,0
2014-03-10 00:21:00,1.7969172080015015,0,-1.6704000881434269,0
2014-03-10 00:26:00,-1.7249604528908222,0,-1.6581449785334836,0
2014-03-10 00:31:00,0.15217168995899236,0,-1.6458898689235404,0
2014-03-10 00:36:00,0.05773146343912591,0,-1.6336347593135974,0
2014-03-10 00:41:00,-0.12265998047520839,0,-1.6213796497036541,0
2014-03-10 00:46:00,0.2275116459467402,0,-1.609124540093711,0
2014-03-10 00:51:00,0.9098157543992152,0,-1.596869430483768,0
2014-03-10 00:56:00,0.29330146666843815,0,-1.5846143208738248,0
2014-03-10 01:01:00,0.25191754718220566,0,-1.5723592112638818,0
2014-03-10 01:06:00,3.0119066390716185,0,-1.5601041016539388,0
2014-03-10 01:11:00,0.8450870598181874,0,-1.5478489920439955,0
2014-03-10 01:16:00,0.351663404405434,0,-1.5355938824340525,0
2014-03-10 01:21:00,1.0371508912799232,0,-1.5233387728241092,0
2014-03-10 01:26:00,-0.8686316573680449,0,-1.511083663214166,0
2014-03-10 01:31:00,0.2020446185705971,0,-1.4988285536042232,0
2014-03-10 01:36:00,3.16683105560981,0,-1.48657344399428,0
2014-03-10 01:41:00,-0.2839511538574467,0,-1.4743183343843367,0
2014-03-10 01:46:00,1.24831499327377,0,-1.4620632247743939,0
2014-03-10 01:51:00,1.0742903062034639,0,-1.4498081151644506,0
2014-03-10 01:56:00,0.327257503169961,0,-1.4375530055545074,0
2014-03-10 02:01:00,0.351663404405434,0,-1.4252978959445644,0
2014-03-10 02:06:00,-0.004874978860557921,0,-1.413042786334621,0
2014-03-10 02:11:00,1.871196037848579,0,-1.400787676724678,0
2014-03-10 02:16:00,-0.3083570550929159,0,-1.388532567114735,0
2014-03-10 02:21:00,1.1241632348150763,0,-1.3762774575047918,0
2014-03-10 02:26:00,0.2020446185705971,0,-1.3640223478948486,0
2014-03-10 02:31:00,-1.192275130273184,0,-1.3517672382849057,0
2014-03-10 02:36:00,0.29224034052776804,0,-1.3395121286749625,0
2014-03-10 02:41:00,0.5118934516469946,0,-1.3272570190650193,0
2014-03-10 02:46:00,1.697171350778273,0,-1.3150019094550762,0
2014-03-10 02:51:00,-1.5095518463342912,0,-1.302746799845133,0
2014-03-10 02:56:00,0.560705254117933,0,-1.29049169023519,0
2014-03-10 03:01:00,0.26465106087028095,0,-1.278236580625247,0
2014-03-10 03:06:00,-0.49511525585128974,0,-1.2659814710153037,0
2014-03-10 03:11:00,2.494077082423388,0,-1.2537263614053604,0
2014-03-10 03:16:00,-0.7030959794231186,0,-1.2414712517954176,0
2014-03-10 03:21:00,1.2440704887110783,0,-1.2292161421854744,0
2014-03-10 03:26:00,-0.3932471463467249,0,-1.2169610325755311,0
2014-03-10 03:31:00,0.09062637379997489,0,-1.204705922965588,0
2014-03-10 03:36:00,0.6509009760751039,0,-1.192450813355645,0
2014-03-10 03:41:00,1.3607943641850624,0,-1.1801957037457018,0
2014-03-10 03:46:00,0.4015363330170425,0,-1.1679405941357586,0
2014-03-10 03:51:00,-0.1587382692580828,0,-1.1556854845258155,0
2014-03-10 03:56:00,0.27526232227701225,0,-1.1434303749158723,0
2014-03-10 04:01:00,0.5638886325399509,0,-1.1311752653059293,0
2014-03-10 04:06:00,-0.5704552118390451,0,-1.1189201556959862,0
2014-03-10 04:11:00,1.7969172080015015,0,-1.106665046086043,0
2014-03-10 04:16:00,-0.9630718838879039,0,-1.0944099364761,0
2014-03-10 04:21:00,-0.6192670143099873,0,-1.082154826866157,0
2014-03-10 04:26:00,-0.01866961868929958,0,-1.0698997172562137,0
2014-03-10 04:31:00,-0.10568196222445261,0,-1.0576446076462707,0
2014-03-10 04:36:00,0.8440259336775136,0,-1.0453894980363274,0
2014-03-10 04:41:00,0.050303580454416255,0,-1.0331343884263842,0
2014-03-10 04:46:00,0.2020446185705971,0,-1.0208792788164411,0
2014-03-10 04:51:00,-1.6655373890131564,0,-1.0086241692064981,0
2014-03-10 04:56:00,0.8493315643808754,0,-0.9963690595965549,0
2014-03-10 05:01:00,0.09062637379997489,0,-0.9841139499866118,0
2014-03-10 05:06:00,-0.24575061279322827,0,-0.9718588403766687,0
2014-03-10 05:11:00,1.9136410834754893,0,-0.9596037307667256,0
2014-03-10 05:16:00,-0.19587768418162352,0,-0.9473486211567824,0
2014-03-10 05:21:00,-0.6574675553741981,0,-0.9350935115468394,0
2014-03-10 05:26:00,-0.05474790747216267,0,-0.9228384019368961,0
2014-03-10 05:31:00,0.6880403909986447,0,-0.9105832923269531,0
2014-03-10 05:36:00,-0.5778830948237548,0,-0.89832818271701,0
2014-03-10 05:41:00,1.5698362138975652,0,-0.8860730731070667,0
2014-03-10 05:46:00,-1.371605448046852,0,-0.8738179634971237,0
2014-03-10 05:51:00,0.3888028193289747,0,-0.8615628538871806,0
2014-03-10 05:56:00,0.11291002275410009,0,-0.8493077442772374,0
2014-03-10 06:01:00,-0.2956235414048481,0,-0.8370526346672943,0
2014-03-10 06:06:00,-0.3274573256250232,0,-0.8247975250573513,0
2014-03-10 06:11:00,1.7937338295794798,0,-0.812542415447408,0
2014-03-10 06:16:00,-0.4898096251479316,0,-0.800287305837465,0
2014-03-10 06:21:00,-0.7328075113619535,0,-0.7880321962275219,0
2014-03-10 06:26:00,0.6286173271209787,0,-0.7757770866175787,0
2014-03-10 06:31:00,-1.018250443202878,0,-0.7635219770076356,0
2014-03-10 06:36:00,-0.20861119786968754,0,-0.7512668673976926,0
2014-03-10 06:41:00,0.8015808880506109,0,-0.7390117577877493,0
2014-03-10 06:46:00,-1.2580649509948858,0,-0.7267566481778062,0
2014-03-10 06:51:00,-0.49511525585128974,0,-0.7145015385678631,0
2014-03-10 06:56:00,0.48642642427085153,0,-0.7022464289579199,0
2014-03-10 07:01:00,0.3760693056409032,0,-0.6899913193479769,0
2014-03-10 07:06:00,0.25191754718220566,0,-0.6777362097380337,0
2014-03-10 07:11:00,0.040753445188362596,0,-0.6654811001280906,0
2014-03-10 07:16:00,-1.2803485999490072,0,-0.6532259905181474,0
2014-03-10 07:21:00,-0.6192670143099873,0,-0.6409708809082044,0
2014-03-10 07:26:00,-0.3582299837045282,0,-0.6287157712982612,0
2014-03-10 07:31:00,-0.985355532842029,0,-0.6164606616883181,0
2014-03-10 07:36:00,1.7969172080015015,0,-0.604205552078375,0
2014-03-10 07:41:00,-1.4543732870193133,0,-0.5919504424684318,0
2014-03-10 07:46:00,-0.5078487695393651,0,-0.5796953328584887,0
2014-03-10 07:51:00,-0.49511525585128974,0,-0.5674402232485456,0
2014-03-10 07:56:00,0.5882945337754201,0,-0.5551851136386025,0
2014-03-10 08:01:00,0.327257503169961,0,-0.5429300040286592,0
2014-03-10 08:06:00,-1.3673609434841603,0,-0.5306748944187163,0
2014-03-10 08:11:00,1.0742903062034639,0,-0.518419784808773,0
2014-03-10 08:16:00,-1.2676150862609357,0,-0.5061646751988299,0
2014-03-10 08:21:00,-0.42083642600420823,0,-0.4939095655888869,0
2014-03-10 08:26:00,-0.594861113074518,0,-0.4816544559789437,0
2014-03-10 08:31:00,-0.5269490400714724,0,-0.4693993463690005,0
2014-03-10 08:36:00,0.5511551188518794,0,-0.4571442367590575,0
2014-03-10 08:41:00,-0.4452423272396812,0,-0.4448891271491143,0
2014-03-10 08:46:00,-1.8130339225666492,0,-0.43263401753917113,0
2014-03-10 08:51:00,0.10229876134737254,0,-0.42037890792922816,0
2014-03-10 08:56:00,-0.23407822524583816,0,-0.40812379831928497,0
2014-03-10 09:01:00,0.3760693056409032,0,-0.3958686887093417,0
2014-03-10 09:06:00,-1.4416397733312418,0,-0.3836135790993988,0
2014-03-10 09:11:00,0.4015363330170425,0,-0.37135846948945556,0
2014-03-10 09:16:00,-0.5290712923528164,0,-0.35910335987951236,0
2014-03-10 09:21:00,-0.43250881355160964,0,-0.3468482502695694,0
2014-03-10 09:26:00,2.643695868258225,0,-0.3345931406596262,0
2014-03-10 09:31:00,-3.5713199376611207,0,-0.322338031049683,0
2014-03-10 09:36:00,-0.0844594394110013,0,-0.31008292143974003,0
2014-03-10 09:41:00,0.31134061105987537,0,-0.29782781182979684,0
2014-03-10 09:46:00,-0.6542841769521802,0,-0.28557270221985365,0
2014-03-10 09:51:00,0.4259422342525117,0,-0.2733175926099107,0
2014-03-10 09:56:00,-0.27121764016937516,0,-0.2610624829999675,0
2014-03-10 10:01:00,0.10229876134737254,0,-0.24880737339002426,0
2014-03-10 10:06:00,-0.955644000903198,0,-0.2365522637800813,0
2014-03-10 10:11:00,1.991103291744581,0,-0.2242971541701381,0
2014-03-10 10:16:00,-1.7111658130620806,0,-0.21204204456019488,0
2014-03-10 10:21:00,0.6742457511698993,0,-0.19978693495025193,0
2014-03-10 10:26:00,-1.404500358407701,0,-0.1875318253403087,0
2014-03-10 10:31:00,-0.5078487695393651,0,-0.17527671573036552,0
2014-03-10 10:36:00,0.16596632978773027,0,-0.16302160612042257,0
2014-03-10 10:41:00,-1.0384118398756592,0,-0.15076649651047935,0
2014-03-10 10:46:00,0.6816736341546089,0,-0.13851138690053613,0
2014-03-10 10:51:00,-1.349321799092723,0,-0.1262562772905932,0
2014-03-10 10:56:00,0.7379133196102532,0,-0.11400116768064998,0
2014-03-10 11:01:00,-0.48238174216322194,0,-0.10174605807070677,0
2014-03-10 11:06:00,-0.43038656127026564,0,-0.08949094846076382,0
2014-03-10 11:11:00,1.1337133700811337,0,-0.07723583885082061,0
2014-03-10 11:16:00,-0.04732002448746055,0,-0.0649807292408774,0
2014-03-10 11:21:00,-1.2920209874964086,0,-0.052725619630934445,0
2014-03-10 11:26:00,-0.3826358849399974,0,-0.04047051002099124,0
2014-03-10 11:31:00,-0.2839511538574467,0,-0.028215400411048024,0
2014-03-10 11:36:00,-0.05899241203485821,0,-0.015960290801105077,0
2014-03-10 11:41:00,1.3109214355734538,0,-0.0037051811911618646,0
2014-03-10 11:46:00,-0.40810291231614043,0,0.008549928418781346,0
2014-03-10 11:51:00,-1.2177421576493273,0,0.020805038028724295,0
2014-03-10 11:56:00,0.9374050340567024,0,0.033060147638667506,0
2014-03-10 12:01:00,-0.3826358849399974,0,0.04531525724861072,0
2014-03-10 12:06:00,-0.49511525585128974,0,0.05757036685855367,0
2014-03-10 12:11:00,1.4722126089556846,0,0.06982547646849688,0
2014-03-10 12:16:00,-1.2803485999490072,0,0.08208058607844008,0
2014-03-10 12:21:00,0.28905696210575016,0,0.09433569568838304,0
2014-03-10 12:26:00,0.43124786495587736,0,0.10659080529832625,0
2014-03-10 12:31:00,-1.6411314877776872,0,0.11884591490826946,0
2014-03-10 12:36:00,-0.3953693986280689,0,0.1311010245182124,0
2014-03-10 12:41:00,0.7644414731270702,0,0.14335613412815562,0
2014-03-10 12:46:00,-1.1869694995698221,0,0.15561124373809884,0
2014-03-10 12:51:00,-0.02503637553333535,0,0.16786635334804179,0
2014-03-10 12:56:00,0.7082017876714184,0,0.18012146295798498,0
2014-03-10 13:01:00,0.5882945337754201,0,0.1923765725679282,0
2014-03-10 13:06:00,-0.6702010690622696,0,0.20463168217787114,0
2014-03-10 13:11:00,2.0335483373714838,0,0.21688679178781436,0
2014-03-10 13:16:00,-1.431028511924518,0,0.22914190139775759,0
2014-03-10 13:21:00,-0.3210905687809874,0,0.24139701100770053,0
2014-03-10 13:26:00,-0.18420529663422588,0,0.25365212061764375,0
2014-03-10 13:31:00,-0.04519777220611655,0,0.26590723022758694,0
2014-03-10 13:36:00,1.8170786046742788,0,0.2781623398375299,0
2014-03-10 13:41:00,-1.379033331031558,0,0.2904174494474731,0
2014-03-10 13:46:00,-0.05687015975351421,0,0.3026725590574163,0
2014-03-10 13:51:00,-0.2266503422611285,0,0.3149276686673593,0
2014-03-10 13:56:00,0.7506468332983247,0,0.32718277827730247,0
2014-03-10 14:01:00,-0.7179517453925304,0,0.3394378878872457,0
2014-03-10 14:06:00,1.0498844049679947,0,0.35169299749718863,0
2014-03-10 14:11:00,0.742157824172945,0,0.3639481071071318,0
2014-03-10 14:16:00,-0.7052182317044664,0,0.3762032167170751,0
2014-03-10 14:21:00,-0.3083570550929159,0,0.388458326327018,0
2014-03-10 14:26:00,0.07789286011191088,0,0.40071343593696124,0
2014-03-10 14:31:00,0.7379133196102532,0,0.41296854554690443,0
2014-03-10 14:36:00,-1.254881572572868,0,0.4252236551568474,0
2014-03-10 14:41:00,1.24831499327377,0,0.4374787647667906,0
2014-03-10 14:46:00,-1.0553898581264187,0,0.4497338743767338,0
2014-03-10 14:51:00,-1.0638788672518023,0,0.46198898398667676,0
2014-03-10 14:56:00,1.098696207438933,0,0.47424409359661995,0
2014-03-10 15:01:00,0.7124462922341139,0,0.48649920320656315,0
2014-03-10 15:06:00,-0.8548370175392995,0,0.4987543128165061,0
2014-03-10 15:11:00,0.8174977801607003,0,0.5110094224264493,0
2014-03-10 15:16:00,0.5819277769313843,0,0.5232645320363926,0
2014-03-10 15:21:00,-0.12690448503790394,0,0.5355196416463355,0
2014-03-10 15:26:00,-0.03458651079938901,0,0.5477747512562787,0
2014-03-10 15:31:00,2.3306636567598096,0,0.5600298608662219,0
2014-03-10 15:36:00,-1.0055169295148065,0,0.5722849704761649,0
2014-03-10 15:41:00,0.6381674623870324,0,0.584540080086108,0
2014-03-10 15:46:00,-0.11841547591252416,0,0.5967951896960513,0
2014-03-10 15:51:00,-0.07384817800427375,0,0.6090502993059942,0
2014-03-10 15:56:00,0.8249256631454063,0,0.6213054089159374,0
2014-03-10 16:01:00,0.9119380066805592,0,0.6335605185258804,0
2014-03-10 16:06:00,-0.23301709910516427,0,0.6458156281358238,0
2014-03-10 16:11:00,0.2020446185705971,0,0.6580707377457669,0
2014-03-10 16:16:00,0.015286417812223278,0,0.6703258473557098,0
2014-03-10 16:21:00,-0.3412519654537611,0,0.6825809569656532,0
2014-03-10 16:26:00,1.131591117799786,0,0.6948360665755962,0
2014-03-10 16:31:00,0.39092507161031875,0,0.7070911761855392,0
2014-03-10 16:36:00,-1.5127352247563053,0,0.7193462857954827,0
2014-03-10 16:41:00,0.16490520364705638,0,0.7316013954054256,0
2014-03-10 16:46:00,0.5755610200873448,0,0.7438565050153685,0
2014-03-10 16:51:00,-0.7922305752396195,0,0.756111614625312,0
2014-03-10 16:56:00,1.2239090920383007,0,0.768366724235255,0
2014-03-10 17:01:00,1.3852002654205353,0,0.7806218338451979,0
2014-03-10 17:06:00,-1.043717470579021,0,0.7928769434551414,0
2014-03-10 17:11:00,1.397933779108603,0,0.8051320530650843,0
2014-03-10 17:16:00,-0.005936105001228037,0,0.8173871626750272,0
2014-03-10 17:21:00,1.9253134710228794,0,0.8296422722849707,0
2014-03-10 17:26:00,-0.5821275993864465,0,0.8418973818949137,0
2014-03-10 17:31:00,-0.20118331488498542,0,0.8541524915048566,0
2014-03-10 17:36:00,1.60909788110245,0,0.8664076011148001,0
2014-03-10 17:41:00,-0.23407822524583816,0,0.878662710724743,0
2014-03-10 17:46:00,-0.4240198044262299,0,0.890917820334686,0
2014-03-10 17:51:00,-0.11841547591252416,0,0.9031729299446295,0
2014-03-10 17:56:00,1.0371508912799232,0,0.9154280395545724,0
2014-03-10 18:01:00,0.7623192208457225,0,0.9276831491645153,0
2014-03-10 18:06:00,0.622250570276943,0,0.9399382587744588,0
2014-03-10 18:11:00,0.7007739046867124,0,0.9521933683844018,0
2014-03-10 18:16:00,-0.8176976026157587,0,0.9644484779943447,0
2014-03-10 18:21:00,0.8037031403319549,0,0.9767035876042882,0
2014-03-10 18:26:00,-0.06429804273822387,0,0.9889586972142311,0
2014-03-10 18:31:00,0.11503227503545163,0,1.001213806824174,0
2014-03-10 18:36:00,0.07789286011191088,0,1.0134689164341175,0
2014-03-10 18:41:00,0.7251798059221817,0,1.0257240260440605,0
2014-03-10 18:46:00,0.3527245305461041,0,1.0379791356540036,0
2014-03-10 18:51:00,-0.9524606224811801,0,1.050234245263947,0
2014-03-10 18:56:00,1.184647424833416,0,1.0624893548738898,0
2014-03-10 19:01:00,1.5082908977385552,0,1.0747444644838329,0
2014-03-10 19:06:00,-0.9185045859796497,0,1.0869995740937763,0
2014-03-10 19:11:00,1.9019686959280804,0,1.0992546837037194,0
2014-03-10 19:16:00,-0.333824082469059,0,1.1115097933136622,0
2014-03-10 19:21:00,0.7124462922341139,0,1.1237649029236056,0
2014-03-10 19:26:00,-0.42083642600420823,0,1.1360200125335487,0
2014-03-10 19:31:00,0.6763680034512433,0,1.1482751221434917,0
2014-03-10 19:36:00,0.8620650780689469,0,1.1605302317534352,0
2014-03-10 19:41:00,0.9490774216041,0,1.172785341363378,0
2014-03-10 19:46:00,0.15747732066235048,0,1.185040450973321,0
2014-03-10 19:51:00,1.7481054055305592,0,1.1972955605832645,0
2014-03-10 19:56:00,-0.05899241203485821,0,1.2095506701932073,0
2014-03-10 20:01:00,1.0498844049679947,0,1.2218057798031503,0
2014-03-10 20:06:00,-0.5916777346525002,0,1.2340608894130938,0
2014-03-10 20:11:00,1.697171350778273,0,1.2463159990230368,0
2014-03-10 20:16:00,1.2854544081973107,0,1.2585711086329796,0
2014-03-10 20:21:00,1.3724667517324638,0,1.270826218242923,0
2014-03-10 20:26:00,0.028019931500291053,0,1.283081327852866,0
2014-03-10 20:31:00,0.5882945337754201,0,1.2953364374628091,0
2014-03-10 20:36:00,0.16596632978773027,0,1.3075915470727526,0
2014-03-10 20:41:00,2.506810596111456,0,1.3198466566826954,0
2014-03-10 20:46:00,-1.6793320288419056,0,1.3321017662926384,0
2014-03-10 20:51:00,1.2854544081973107,0,1.344356875902582,0
2014-03-10 20:56:00,0.7039572831087303,0,1.356611985512525,0
2014-03-10 21:01:00,0.27738457455835247,0,1.3688670951224677,0
2014-03-10 21:06:00,0.3643969180935018,0,1.3811222047324112,0
2014-03-10 21:11:00,1.0859626937508653,0,1.3933773143423542,0
2014-03-10 21:16:00,0.2582843040262452,0,1.4056324239522973,0
2014-03-10 21:21:00,0.9427106647600643,0,1.4178875335622407,0
2014-03-10 21:26:00,0.6891015171393148,0,1.4301426431721835,0
2014-03-10 21:31:00,0.8620650780689469,0,1.4423977527821266,0
2014-03-10 21:36:00,-0.5842498516677905,0,1.45465286239207,0
2014-03-10 21:41:00,0.9490774216041,0,1.466907972002013,0
2014-03-10 21:46:00,0.45565376619134657,0,1.4791630816119559,0
2014-03-10 21:51:00,0.31452398948189325,0,1.4914181912218993,0
2014-03-10 21:56:00,2.3815977115120956,0,1.5036733008318424,0
2014-03-10 22:01:00,0.015286417812223278,0,1.5159284104417854,0
2014-03-10 22:06:00,-0.3454964700164566,0,1.5281835200517289,0
2014-03-10 22:11:00,1.2111755783502292,0,1.5404386296616717,0
2014-03-10 22:16:00,0.2275116459467402,0,1.5526937392716147,0
2014-03-10 22:21:00,0.9374050340567024,0,1.5649488488815582,0
2014-03-10 22:26:00,1.419156301922058,0,1.5772039584915012,0
2014-03-10 22:31:00,-0.18420529663422588,0,1.589459068101444,0
2014-03-10 22:36:00,0.7506468332983247,0,1.6017141777113875,0
2014-03-10 22:41:00,-0.3210905687809874,0,1.6139692873213305,0
2014-03-10 22:46:00,3.0575350631205316,0,1.6262243969312735,0
2014-03-10 22:51:00,1.2239090920383007,0,1.638479506541217,0
2014-03-10 22:56:00,3.028884657322374,0,1.6507346161511598,0
2014-03-10 23:01:00,-0.719012871533208,0,1.6629897257611028,0
2014-03-10 23:06:00,1.5220855375672968,0,1.6752448353710463,0
2014-03-10 23:11:00,1.5846919798669807,0,1.6874999449809893,0
2014-03-10 23:16:00,1.5220855375672968,0,1.6997550545909321,0
2014-03-10 23:21:00,-0.1587382692580828,0,1.7120101642008756,0
2014-03-10 23:26:00,1.2960656696040345,0,1.7242652738108186,0
2014-03-10 23:31:00,-0.3465575961571305,0,1.7365203834207614,0
2014-03-10 23:36:00,1.0371508912799232,0,1.7487754930307051,0
2014-03-10 23:41:00,1.0859626937508653,0,1.761030602640648,0
2014-03-10 23:46:00,0.4259422342525117,0,1.773285712250591,0
2014-03-10 23:51:00,0.9915224672310027,0,1.7855408218605344,0
2014-03-10 23:56:00,2.278668475866853,0,1.7977959314704772,0
2014-03-11 00:01:00,0.4259422342525117,0,-1.7194205265831992,1
2014-03-11 00:06:00,-0.3826358849399974,0,-1.7071654169732562,1
2014-03-11 00:11:00,1.758716666937283,0,-1.694910307363313,1
2014-03-11 00:16:00,0.4758151628641315,0,-1.6826551977533697,1
2014-03-11 00:21:00,0.5256880914757363,0,-1.6704000881434269,1
2014-03-11 00:26:00,2.296707620258287,0,-1.6581449785334836,1
2014-03-11 00:31:00,-0.4707093546158243,0,-1.6458898689235404,1
2014-03-11 00:36:00,0.7464023287356367,0,-1.6336347593135974,1
2014-03-11 00:41:00,0.9257326465093009,0,-1.6213796497036541,1
2014-03-11 00:46:00,0.647717597653086,0,-1.609124540093711,1
2014-03-11 00:51:00,0.5967835429007999,0,-1.596869430483768,1
2014-03-11 00:56:00,3.091491099622054,0,-1.5846143208738248,1
2014-03-11 01:01:00,0.32195187246660667,0,-1.5723592112638818,1
2014-03-11 01:06:00,0.6880403909986447,0,-1.5601041016539388,1
2014-03-11 01:11:00,1.0859626937508653,0,-1.5478489920439955,1
2014-03-11 01:16:00,1.963514012087094,0,-1.5355938824340525,1
2014-03-11 01:21:00,0.9374050340567024,0,-1.5233387728241092,1
2014-03-11 01:26:00,1.5825697275856367,0,-1.511083663214166,1
2014-03-11 01:31:00,-0.061114664316205984,0,-1.4988285536042232,1
2014-03-11 01:36:00,0.6880403909986447,0,-1.48657344399428,1
2014-03-11 01:41:00,1.2111755783502292,0,-1.4743183343843367,1
2014-03-11 01:46:00,2.6553682558056226,0,-1.4620632247743939,1
2014-03-11 01:51:00,-1.7154103176247686,0,-1.4498081151644506,1
2014-03-11 01:56:00,1.3236549492615215,0,-1.4375530055545074,1
2014-03-11 02:01:00,1.3989949052492807,0,-1.4252978959445644,1
2014-03-11 02:06:00,-0.6075946267625858,0,-1.413042786334621,1
2014-03-11 02:11:00,1.634564908478593,0,-1.400787676724678,1
2014-03-11 02:16:00,0.07683173397123322,0,-1.388532567114735,1
2014-03-11 02:21:00,0.16490520364705638,0,-1.3762774575047918,1
2014-03-11 02:26:00,2.0208148236834123,0,-1.3640223478948486,1
2014-03-11 02:31:00,0.07789286011191088,0,-1.3517672382849057,1
2014-03-11 02:36:00,-0.3210905687809874,0,-1.3395121286749625,1
2014-03-11 02:41:00,0.15217168995899236,0,-1.3272570190650193,1
2014-03-11 02:46:00,0.3760693056409032,0,-1.3150019094550762,1
2014-03-11 02:51:00,1.0297230082952173,0,-1.302746799845133,1
2014-03-11 02:56:00,0.8259867892860802,0,-1.29049169023519,1
2014-03-11 03:01:00,0.8992044929924877,0,-1.278236580625247,1
2014-03-11 03:06:00,-0.6320005279980588,0,-1.2659814710153037,1
2014-03-11 03:11:00,2.531216497346929,0,-1.2537263614053604,1
2014-03-11 03:16:00,-0.6404895371234386,0,-1.2414712517954176,1
2014-03-11 03:21:00,0.7877862482218655,0,-1.2292161421854744,1
2014-03-11 03:26:00,0.7007739046867124,0,-1.2169610325755311,1
2014-03-11 03:31:00,1.8956019390840484,0,-1.204705922965588,1
2014-03-11 03:36:00,-0.6574675553741981,0,-1.192450813355645,1
2014-03-11 03:41:00,1.4478067077202152,0,-1.1801957037457018,1
2014-03-11 03:46:00,0.6901626432799887,0,-1.1679405941357586,1
2014-03-11 03:51:00,1.871196037848579,0,-1.1556854845258155,1
2014-03-11 03:56:00,0.052425832735764025,0,-1.1434303749158723,1
2014-03-11 04:01:00,1.845729010472436,0,-1.1311752653059293,1
2014-03-11 04:06:00,1.0488232788273246,0,-1.1189201556959862,1
2014-03-11 04:11:00,2.20757302444179,0,-1.106665046086043,1
2014-03-11 04:16:00,0.1893111048825331,0,-1.0944099364761,1
2014-03-11 04:21:00,1.4350731940321437,0,-1.082154826866157,1
2014-03-11 04:26:00,0.27738457455835247,0,-1.0698997172562137,1
2014-03-11 04:31:00,1.4106672927966821,0,-1.0576446076462707,1
2014-03-11 04:36:00,-0.5534771935882817,0,-1.0453894980363274,1
2014-03-11 04:41:00,0.6010280474634917,0,-1.0331343884263842,1
2014-03-11 04:46:00,1.90833545277212,0,-1.0208792788164411,1
2014-03-11 04:51:00,0.2275116459467402,0,-1.0086241692064981,1
2014-03-11 04:56:00,1.3194104446988335,0,-0.9963690595965549,1
2014-03-11 05:01:00,1.7810003158914156,0,-0.9841139499866118,1
2014-03-11 05:06:00,0.36545804423417566,0,-0.9718588403766687,1
2014-03-11 05:11:00,2.0908491489678056,0,-0.9596037307667256,1
2014-03-11 05:16:00,1.1857085509740861,0,-0.9473486211567824,1
2014-03-11 05:21:00,1.5252689159893147,0,-0.9350935115468394,1
2014-03-11 05:26:00,0.4471647570659668,0,-0.9228384019368961,1
2014-03-11 05:31:00,2.980072854851432,0,-0.9105832923269531,1
2014-03-11 05:36:00,-1.1551357153496433,0,-0.89832818271701,1
2014-03-11 05:41:00,1.452051212282907,0,-0.8860730731070667,1
2014-03-11 05:46:00,1.0371508912799232,0,-0.8738179634971237,1
2014-03-11 05:51:00,0.6625733636225016,0,-0.8615628538871806,1
2014-03-11 05:56:00,2.4314706401237043,0,-0.8493077442772374,1
2014-03-11 06:01:00,0.8747985917570186,0,-0.8370526346672943,1
2014-03-11 06:06:00,-0.1088653406464705,0,-0.8247975250573513,1
2014-03-11 06:11:00,1.5231466637079707,0,-0.812542415447408,1
2014-03-11 06:16:00,-0.1767774136495162,0,-0.800287305837465,1
2014-03-11 06:21:00,1.634564908478593,0,-0.7880321962275219,1
2014-03-11 06:26:00,0.8493315643808754,0,-0.7757770866175787,1
2014-03-11 06:31:00,0.9872779626683147,0,-0.7635219770076356,1
2014-03-11 06:36:00,-0.1587382692580828,0,-0.7512668673976926,1
2014-03-11 06:41:00,0.5171990823503527,0,-0.7390117577877493,1
2014-03-11 06:46:00,0.7899085005032133,0,-0.7267566481778062,1
2014-03-11 06:51:00,0.7548913378610165,0,-0.7145015385678631,1
2014-03-11 06:56:00,1.8096507216895692,0,-0.7022464289579199,1
2014-03-11 07:01:00,1.771450180625362,0,-0.6899913193479769,1
2014-03-11 07:06:00,0.8992044929924877,0,-0.6777362097380337,1
2014-03-11 07:11:00,1.4223396803440722,0,-0.6654811001280906,1
2014-03-11 07:16:00,-0.011241735704593693,0,-0.6532259905181474,1
2014-03-11 07:21:00,0.9872779626683147,0,-0.6409708809082044,1
2014-03-11 07:26:00,1.60909788110245,0,-0.6287157712982612,1
2014-03-11 07:31:00,-0.3210905687809874,0,-0.6164606616883181,1
2014-03-11 07:36:00,0.6127004350108856,0,-0.604205552078375,1
2014-03-11 07:41:00,2.593822939646613,0,-0.5919504424684318,1
2014-03-11 07:46:00,0.27738457455835247,0,-0.5796953328584887,1
2014-03-11 07:51:00,0.9745444489802431,0,-0.5674402232485456,1
2014-03-11 07:56:00,0.4906709288335433,0,-0.5551851136386025,1
2014-03-11 08:01:00,2.1555778435488335,0,-0.5429300040286592,1
2014-03-11 08:06:00,-1.4172338720957727,0,-0.5306748944187163,1
2014-03-11 08:11:00,1.0859626937508653,0,-0.518419784808773,1
2014-03-11 08:16:00,-0.12159885433454204,0,-0.5061646751988299,1
2014-03-11 08:21:00,0.39198619775099264,0,-0.4939095655888869,1
2014-03-11 08:26:00,0.8302312938487681,0,-0.4816544559789437,1
2014-03-11 08:31:00,1.0658012970780841,0,-0.4693993463690005,1
2014-03-11 08:36:00,0.3760693056409032,0,-0.4571442367590575,1
2014-03-11 08:41:00,-0.7922305752396195,0,-0.4448891271491143,1
2014-03-11 08:46:00,1.5602860786315114,0,-0.43263401753917113,1
2014-03-11 08:51:00,-1.2177421576493273,0,-0.42037890792922816,1
2014-03-11 08:56:00,1.161302649738617,0,-0.40812379831928497,1
2014-03-11 09:01:00,-0.1311489896005957,0,-0.3958686887093417,1
2014-03-11 09:06:00,1.1570581451759252,0,-0.3836135790993988,1
2014-03-11 09:11:00,0.5638886325399509,0,-0.37135846948945556,1
2014-03-11 09:16:00,-1.2888376090743907,0,-0.35910335987951236,1
2014-03-11 09:21:00,0.0025529041241517353,0,-0.3468482502695694,1
2014-03-11 09:26:00,-0.0038138527198840365,0,-0.3345931406596262,1
2014-03-11 09:31:00,0.10229876134737254,0,-0.322338031049683,1
2014-03-11 09:36:00,2.4569376674998473,0,-0.31008292143974003,1
2014-03-11 09:41:00,-1.3418939161080172,0,-0.29782781182979684,1
2014-03-11 09:46:00,0.7007739046867124,0,-0.28557270221985365,1
2014-03-11 09:51:00,-0.8208809810377766,0,-0.2733175926099107,1
2014-03-11 09:56:00,1.2111755783502292,0,-0.2610624829999675,1
2014-03-11 10:01:00,0.2084113754146329,0,-0.24880737339002426,1
2014-03-11 10:06:00,0.15217168995899236,0,-0.2365522637800813,1
2014-03-11 10:11:00,1.9709418950718036,0,-0.2242971541701381,1
2014-03-11 10:16:00,-0.8187587287564289,0,-0.21204204456019488,1
2014-03-11 10:21:00,0.800519761909937,0,-0.19978693495025193,1
2014-03-11 10:26:00,0.9119380066805592,0,-0.1875318253403087,1
2014-03-11 10:31:00,-1.317488014872548,0,-0.17527671573036552,1
2014-03-11 10:36:00,-0.21710020699507485,0,-0.16302160612042257,1
2014-03-11 10:41:00,0.3357465122953446,0,-0.15076649651047935,1
2014-03-11 10:46:00,1.2132978306315807,0,-0.13851138690053613,1
2014-03-11 10:51:00,-0.7657024217228025,0,-0.1262562772905932,1
2014-03-11 10:56:00,1.452051212282907,0,-0.11400116768064998,1
2014-03-11 11:01:00,1.0244173775918517,0,-0.10174605807070677,1
2014-03-11 11:06:00,-0.40810291231614043,0,-0.08949094846076382,1
2014-03-11 11:11:00,1.1984420646621576,0,-0.07723583885082061,1
2014-03-11 11:16:00,0.5511551188518794,0,-0.0649807292408774,1
2014-03-11 11:21:00,1.0742903062034639,0,-0.052725619630934445,1
2014-03-11 11:26:00,-0.4452423272396812,0,-0.04047051002099124,1
2014-03-11 11:31:00,0.23918403349413786,0,-0.028215400411048024,1
2014-03-11 11:36:00,0.7623192208457225,0,-0.015960290801105077,1
2014-03-11 11:41:00,1.5953032412737045,0,-0.0037051811911618646,1
2014-03-11 11:46:00,0.562827506399277,0,0.008549928418781346,1
2014-03-11 11:51:00,-0.863326026664683,0,0.020805038028724295,1
2014-03-11 11:56:00,1.5624083309128556,0,0.033060147638667506,1
2014-03-11 12:01:00,0.12776578872351563,0,0.04531525724861072,1
2014-03-11 12:06:00,1.6833767109495315,0,0.05757036685855367,1
2014-03-11 12:11:00,0.085320743096613,0,0.06982547646849688,1
2014-03-11 12:16:00,1.253620623977132,0,0.08208058607844008,1
2014-03-11 12:21:00,-0.39006376792470704,0,0.09433569568838304,1
2014-03-11 12:26:00,-0.268034261747361,0,0.10659080529832625,1
2014-03-11 12:31:00,0.3760693056409032,0,0.11884591490826946,1
2014-03-11 12:36:00,0.17763871733512415,0,0.1311010245182124,1
2014-03-11 12:41:00,0.09062637379997489,0,0.14335613412815562,1
2014-03-11 12:46:00,1.0615567925153924,0,0.15561124373809884,1
2014-03-11 12:51:00,0.5776832723687001,0,0.16786635334804179,1
2014-03-11 12:56:00,0.7251798059221817,0,0.18012146295798498,1
2014-03-11 13:01:00,-0.6574675553741981,0,0.1923765725679282,1
2014-03-11 13:06:00,0.11821565345746197,0,0.20463168217787114,1
2014-03-11 13:11:00,1.460540221408287,0,0.21688679178781436,1
2014-03-11 13:16:00,1.4223396803440722,0,0.22914190139775759,1
2014-03-11 13:21:00,-0.4707093546158243,0,0.24139701100770053,1
2014-03-11 13:26:00,0.31452398948189325,0,0.25365212061764375,1
2014-03-11 13:31:00,1.8340566229250421,0,0.26590723022758694,1
2014-03-11 13:36:00,0.015286417812223278,0,0.2781623398375299,1
2014-03-11 13:41:00,2.082360139842426,0,0.2904174494474731,1
2014-03-11 13:46:00,-0.05899241203485821,0,0.3026725590574163,1
2014-03-11 13:51:00,0.9119380066805592,0,0.3149276686673593,1
2014-03-11 13:56:00,1.6812544586681875,0,0.32718277827730247,1
2014-03-11 14:01:00,0.23918403349413786,0,0.3394378878872457,1
2014-03-11 14:06:00,0.7506468332983247,0,0.35169299749718863,1
2014-03-11 14:11:00,2.7551141130288435,0,0.3639481071071318,1
2014-03-11 14:16:00,0.15217168995899236,0,0.3762032167170751,1
2014-03-11 14:21:00,1.36185549032574,0,0.388458326327018,1
2014-03-11 14:26:00,-0.9842944067013552,0,0.40071343593696124,1
2014-03-11 14:31:00,0.8047642664726288,0,0.41296854554690443,1
2014-03-11 14:36:00,0.4514092616286548,0,0.4252236551568474,1
2014-03-11 14:41:00,1.4350731940321437,0,0.4374787647667906,1
2014-03-11 14:46:00,0.1076043920507382,0,0.4497338743767338,1
2014-03-11 14:51:00,1.161302649738617,0,0.46198898398667676,1
2014-03-11 14:56:00,1.4350731940321437,0,0.47424409359661995,1
2014-03-11 15:01:00,1.8478512627537838,0,0.48649920320656315,1
2014-03-11 15:06:00,0.04818132817307225,0,0.4987543128165061,1
2014-03-11 15:11:00,0.480059667426812,0,0.5110094224264493,1
2014-03-11 15:16:00,0.5861722814940761,0,0.5232645320363926,1
2014-03-11 15:21:00,2.0208148236834123,0,0.5355196416463355,1
2014-03-11 15:26:00,1.135835622362474,0,0.5477747512562787,1
2014-03-11 15:31:00,-0.4707093546158243,0,0.5600298608662219,1
2014-03-11 15:36:00,0.9745444489802431,0,0.5722849704761649,1
2014-03-11 15:41:00,3.577486872050102,0,0.584540080086108,1
2014-03-11 15:46:00,-0.33488520860973287,0,0.5967951896960513,1
2014-03-11 15:51:00,2.2754850974448355,0,0.6090502993059942,1
2014-03-11 15:56:00,0.6010280474634917,0,0.6213054089159374,1
2014-03-11 16:01:00,1.2865155343379846,0,0.6335605185258804,1
2014-03-11 16:06:00,1.3873225177018793,0,0.6458156281358238,1
2014-03-11 16:11:00,1.9019686959280804,0,0.6580707377457669,1
2014-03-11 16:16:00,-0.14600475557001502,0,0.6703258473557098,1
2014-03-11 16:21:00,0.28905696210575016,0,0.6825809569656532,1
2014-03-11 16:26:00,0.6307395794023227,0,0.6948360665755962,1
2014-03-11 16:31:00,0.3484800259834161,0,0.7070911761855392,1
2014-03-11 16:36:00,2.144966582142106,0,0.7193462857954827,1
2014-03-11 16:41:00,1.7969172080015015,0,0.7316013954054256,1
2014-03-11 16:46:00,-1.4278451335025002,0,0.7438565050153685,1
2014-03-11 16:51:00,0.6880403909986447,0,0.756111614625312,1
2014-03-11 16:56:00,2.0303649589494657,0,0.768366724235255,1
2014-03-11 17:01:00,1.7979783341421716,0,0.7806218338451979,1
2014-03-11 17:06:00,-0.3454964700164566,0,0.7928769434551414,1
2014-03-11 17:11:00,1.6844378370902053,0,0.8051320530650843,1
2014-03-11 17:16:00,1.369283373310446,0,0.8173871626750272,1
2014-03-11 17:21:00,-0.20861119786968754,0,0.8296422722849707,1
2014-03-11 17:26:00,2.1205606809066406,0,0.8418973818949137,1
2014-03-11 17:31:00,0.09062637379997489,0,0.8541524915048566,1
2014-03-11 17:36:00,0.21265587997732466,0,0.8664076011148001,1
2014-03-11 17:41:00,1.4849461226437561,0,0.878662710724743,1
2014-03-11 17:46:00,1.335327336808923,0,0.890917820334686,1
2014-03-11 17:51:00,0.8196200324420444,0,0.9031729299446295,1
2014-03-11 17:56:00,2.3009521248209786,0,0.9154280395545724,1
2014-03-11 18:01:00,1.8584625241605075,0,0.9276831491645153,1
2014-03-11 18:06:00,1.0488232788273246,0,0.9399382587744588,1
2014-03-11 18:11:00,1.516779906863935,0,0.9521933683844018,1
2014-03-11 18:16:00,-0.49511525585128974,0,0.9644484779943447,1
2014-03-11 18:21:00,0.9872779626683147,0,0.9767035876042882,1
2014-03-11 18:26:00,-0.5577216981509773,0,0.9889586972142311,1
2014-03-11 18:31:00,-0.15024926013269546,0,1.001213806824174,1
2014-03-11 18:36:00,0.26889556543296894,0,1.0134689164341175,1
2014-03-11 18:41:00,-1.3418939161080172,0,1.0257240260440605,1
2014-03-11 18:46:00,-0.48238174216322194,0,1.0379791356540036,1
2014-03-11 18:51:00,-0.691423591875721,0,1.050234245263947,1
2014-03-11 18:56:00,0.800519761909937,0,1.0624893548738898,1
2014-03-11 19:01:00,1.161302649738617,0,1.0747444644838329,1
2014-03-11 19:06:00,-1.7578553632516751,0,1.0869995740937763,1
2014-03-11 19:11:00,-0.0844594394110013,0,1.0992546837037194,1
2014-03-11 19:16:00,0.015286417812223278,0,1.1115097933136622,1
2014-03-11 19:21:00,-0.2839511538574467,0,1.1237649029236056,1
2014-03-11 19:26:00,-0.4526702102243833,0,1.1360200125335487,1
2014-03-11 19:31:00,0.49597655953690517,0,1.1482751221434917,1
2014-03-11 19:36:00,-0.1587382692580828,0,1.1605302317534352,1
2014-03-11 19:41:00,-0.03458651079938901,0,1.172785341363378,1
2014-03-11 19:46:00,0.9023878714145056,0,1.185040450973321,1
2014-03-11 19:51:00,-1.703737930077371,0,1.1972955605832645,1
2014-03-11 19:56:00,2.194839510753722,0,1.2095506701932073,1
2014-03-11 20:01:00,-0.908954450713596,0,1.2218057798031503,1
2014-03-11 20:06:00,-0.2521173696372716,0,1.2340608894130938,1
2014-03-11 20:11:00,1.2748431467905832,0,1.2463159990230368,1
2014-03-11 20:16:00,1.3798946347171697,0,1.2585711086329796,1
2014-03-11 20:21:00,-0.5322546707748305,0,1.270826218242923,1
2014-03-11 20:26:00,0.21477813225866488,0,1.283081327852866,1
2014-03-11 20:31:00,-1.379033331031558,0,1.2953364374628091,1
2014-03-11 20:36:00,-0.6075946267625858,0,1.3075915470727526,1
2014-03-11 20:41:00,-0.49511525585128974,0,1.3198466566826954,1
2014-03-11 20:46:00,-0.520582283227429,0,1.3321017662926384,1
2014-03-11 20:51:00,-0.24575061279322827,0,1.344356875902582,1
2014-03-11 20:56:00,1.4223396803440722,0,1.356611985512525,1
2014-03-11 21:01:00,-0.3953693986280689,0,1.3688670951224677,1
2014-03-11 21:06:00,-0.8686316573680449,0,1.3811222047324112,1
2014-03-11 21:11:00,0.43230899109654747,0,1.3933773143423542,1
2014-03-11 21:16:00,-0.14494362942933736,0,1.4056324239522973,1
2014-03-11 21:21:00,0.8493315643808754,0,1.4178875335622407,1
2014-03-11 21:26:00,0.015286417812223278,0,1.4301426431721835,1
2014-03-11 21:31:00,-0.3083570550929159,0,1.4423977527821266,1
2014-03-11 21:36:00,-0.060053538175528325,0,1.45465286239207,1
2014-03-11 21:41:00,1.335327336808923,0,1.466907972002013,1
2014-03-11 21:46:00,-0.27121764016937516,0,1.4791630816119559,1
2014-03-11 21:51:00,-0.3083570550929159,0,1.4914181912218993,1
2014-03-11 21:56:00,1.697171350778273,0,1.5036733008318424,1
2014-03-11 22:01:00,1.370344499451116,0,1.5159284104417854,1
2014-03-11 22:06:00,0.8302312938487681,0,1.5281835200517289,1
2014-03-11 22:11:00,1.0371508912799232,0,1.5404386296616717,1
2014-03-11 22:16:00,-0.3072959289522458,0,1.5526937392716147,1
2014-03-11 22:21:00,-0.2234669638391106,0,1.5649488488815582,1
2014-03-11 22:26:00,1.0859626937508653,0,1.5772039584915012,1
2014-03-11 22:31:00,-1.3418939161080172,0,1.589459068101444,1
2014-03-11 22:36:00,-0.2287725945424725,0,1.6017141777113875,1
2014-03-11 22:41:00,0.713507418374784,0,1.6139692873213305,1
2014-03-11 22:46:00,-0.807086341209035,0,1.6262243969312735,1
2014-03-11 22:51:00,2.555622398582402,0,1.638479506541217,1
2014-03-11 22:56:00,-0.9439716133557965,0,1.6507346161511598,1
2014-03-11 23:01:00,-0.12159885433454204,0,1.6629897257611028,1
2014-03-11 23:06:00,0.5256880914757363,0,1.6752448353710463,1
2014-03-11 23:11:00,0.7867251220811954,0,1.6874999449809893,1
2014-03-11 23:16:00,1.1857085509740861,0,1.6997550545909321,1
2014-03-11 23:21:00,0.5882945337754201,0,1.7120101642008756,1
2014-03-11 23:26:00,-1.4671068007073849,0,1.7242652738108186,1
2014-03-11 23:31:00,0.12033790573880974,0,1.7365203834207614,1
2014-03-11 23:36:00,1.8181397308149565,0,1.7487754930307051,1
2014-03-11 23:41:00,1.0244173775918517,0,1.761030602640648,1
2014-03-11 23:46:00,-0.08233718712965729,0,1.773285712250591,1
2014-03-11 23:51:00,0.2275116459467402,0,1.7855408218605344,1
2014-03-11 23:56:00,1.4106672927966821,0,1.7977959314704772,1
2014-03-12 00:01:00,1.3607943641850624,0,-1.7194205265831992,2
2014-03-12 00:06:00,-0.7688858001448203,0,-1.7071654169732562,2
2014-03-12 00:11:00,2.052648607903591,0,-1.694910307363313,2
2014-03-12 00:16:00,0.12776578872351563,0,-1.6826551977533697,2
2014-03-12 00:21:00,-0.3943082724873988,0,-1.6704000881434269,2
2014-03-12 00:26:00,0.7771749868151417,0,-1.6581449785334836,2
2014-03-12 00:31:00,-0.19587768418162352,0,-1.6458898689235404,2
2014-03-12 00:36:00,-0.13857687258530157,0,-1.6336347593135974,2
2014-03-12 00:41:00,-1.0299228307502795,0,-1.6213796497036541,2
2014-03-12 00:46:00,-0.6075946267625858,0,-1.609124540093711,2
2014-03-12 00:51:00,-0.45797584092774896,0,-1.596869430483768,2
2014-03-12 00:56:00,0.6010280474634917,0,-1.5846143208738248,2
2014-03-12 01:01:00,1.4722126089556846,0,-1.5723592112638818,2
2014-03-12 01:06:00,-1.200764139398564,0,-1.5601041016539388,2
2014-03-12 01:11:00,2.2892797372735774,0,-1.5478489920439955,2
2014-03-12 01:16:00,-0.6075946267625858,0,-1.5355938824340525,2
2014-03-12 01:21:00,-0.5078487695393651,0,-1.5233387728241092,2
2014-03-12 01:26:00,0.9554441784481358,0,-1.511083663214166,2
2014-03-12 01:31:00,-0.5693940856983675,0,-1.4988285536042232,2
2014-03-12 01:36:00,0.7124462922341139,0,-1.48657344399428,2
2014-03-12 01:41:00,0.5882945337754201,0,-1.4743183343843367,2
2014-03-12 01:46:00,0.33892989071736246,0,-1.4620632247743939,2
2014-03-12 01:51:00,-0.8813651710561089,0,-1.4498081151644506,2
2014-03-12 01:56:00,1.397933779108603,0,-1.4375530055545074,2
2014-03-12 02:01:00,-1.703737930077371,0,-1.4252978959445644,2
2014-03-12 02:06:00,-0.43781444425497157,0,-1.413042786334621,2
2014-03-12 02:11:00,0.327257503169961,0,-1.400787676724678,2
2014-03-12 02:16:00,-0.8442257561325682,0,-1.388532567114735,2
2014-03-12 02:21:00,-0.7444798989093512,0,-1.3762774575047918,2
2014-03-12 02:26:00,-0.1587382692580828,0,-1.3640223478948486,2
2014-03-12 02:31:00,-0.4452423272396812,0,-1.3517672382849057,2
2014-03-12 02:36:00,-1.7536108586889834,0,-1.3395121286749625,2
2014-03-12 02:41:00,-0.5577216981509773,0,-1.3272570190650193,2
2014-03-12 02:46:00,-1.0065780556554804,0,-1.3150019094550762,2
2014-03-12 02:51:00,0.16490520364705638,0,-1.302746799845133,2
2014-03-12 02:56:00,-0.6192670143099873,0,-1.29049169023519,2
2014-03-12 03:01:00,0.1893111048825331,0,-1.278236580625247,2
2014-03-12 03:06:00,-0.9185045859796497,0,-1.2659814710153037,2
2014-03-12 03:11:00,-0.8314922424445041,0,-1.2537263614053604,2
2014-03-12 03:16:00,-0.18314417049355575,0,-1.2414712517954176,2
2014-03-12 03:21:00,0.5256880914757363,0,-1.2292161421854744,2
2014-03-12 03:26:00,-0.8940986847441881,0,-1.2169610325755311,2
2014-03-12 03:31:00,-0.8686316573680449,0,-1.204705922965588,2
2014-03-12 03:36:00,0.5182602084910304,0,-1.192450813355645,2
2014-03-12 03:41:00,1.098696207438933,0,-1.1801957037457018,2
2014-03-12 03:46:00,-3.0534903810129057,0,-1.1679405941357586,2
2014-03-12 03:51:00,-0.5057265172580173,0,-1.1556854845258155,2
2014-03-12 03:56:00,0.028019931500291053,0,-1.1434303749158723,2
2014-03-12 04:01:00,-0.7741914308481822,0,-1.1311752653059293,2
2014-03-12 04:06:00,0.10229876134737254,0,-1.1189201556959862,2
2014-03-12 04:11:00,-0.7073404839858104,0,-1.106665046086043,2
2014-03-12 04:16:00,0.07895398625257723,0,-1.0944099364761,2
2014-03-12 04:21:00,-1.6655373890131564,0,-1.082154826866157,2
2014-03-12 04:26:00,-0.36565786668923783,0,-1.0698997172562137,2
2014-03-12 04:31:00,-1.254881572572868,0,-1.0576446076462707,2
2014-03-12 04:36:00,0.15217168995899236,0,-1.0453894980363274,2
2014-03-12 04:41:00,-1.5604859010865737,0,-1.0331343884263842,2
2014-03-12 04:46:00,-0.6245726450133492,0,-1.0208792788164411,2
2014-03-12 04:51:00,0.040753445188362596,0,-1.0086241692064981,2
2014-03-12 04:56:00,-0.6075946267625858,0,-0.9963690595965549,2
2014-03-12 05:01:00,0.4386757479405832,0,-0.9841139499866118,2
2014-03-12 05:06:00,-2.262951406211826,0,-0.9718588403766687,2
2014-03-12 05:11:00,0.6509009760751039,0,-0.9596037307667256,2
2014-03-12 05:16:00,-0.6001667437778799,0,-0.9473486211567824,2
2014-03-12 05:21:00,-1.043717470579021,0,-0.9350935115468394,2
2014-03-12 05:26:00,-0.1046208360837825,0,-0.9228384019368961,2
2014-03-12 05:31:00,-0.8686316573680449,0,-0.9105832923269531,2
2014-03-12 05:36:00,-1.254881572572868,0,-0.89832818271701,2
2014-03-12 05:41:00,0.17976096961647944,0,-0.8860730731070667,2
2014-03-12 05:46:00,-0.7444798989093512,0,-0.8738179634971237,2
2014-03-12 05:51:00,0.8726763394756745,0,-0.8615628538871806,2
2014-03-12 05:56:00,-1.2177421576493273,0,-0.8493077442772374,2
2014-03-12 06:01:00,0.25191754718220566,0,-0.8370526346672943,2
2014-03-12 06:06:00,-0.9333603519490727,0,-0.8247975250573513,2
2014-03-12 06:11:00,-0.3826358849399974,0,-0.812542415447408,2
2014-03-12 06:16:00,-0.807086341209035,0,-0.800287305837465,2
2014-03-12 06:21:00,-0.8187587287564289,0,-0.7880321962275219,2
2014-03-12 06:26:00,-0.6192670143099873,0,-0.7757770866175787,2
2014-03-12 06:31:00,-0.5004208865546553,0,-0.7635219770076356,2
2014-03-12 06:36:00,1.7014158553409686,0,-0.7512668673976926,2
2014-03-12 06:41:00,-3.0853241652330805,0,-0.7390117577877493,2
2014-03-12 06:46:00,-0.042014393784098665,0,-0.7267566481778062,2
2014-03-12 06:51:00,-1.3418939161080172,0,-0.7145015385678631,2
2014-03-12 06:56:00,0.26465106087028095,0,-0.7022464289579199,2
2014-03-12 07:01:00,-0.7317463852212797,0,-0.6899913193479769,2
2014-03-12 07:06:00,-0.6447340416861266,0,-0.6777362097380337,2
2014-03-12 07:11:00,0.9872779626683147,0,-0.6654811001280906,2
2014-03-12 07:16:00,-1.703737930077371,0,-0.6532259905181474,2
2014-03-12 07:21:00,-0.7243185022365737,0,-0.6409708809082044,2
2014-03-12 07:26:00,0.3017904757938217,0,-0.6287157712982612,2
2014-03-12 07:31:00,-1.8278896885360647,0,-0.6164606616883181,2
2014-03-12 07:36:00,-0.27121764016937516,0,-0.604205552078375,2
2014-03-12 07:41:00,1.0063782332004256,0,-0.5919504424684318,2
2014-03-12 07:46:00,-1.554119144242538,0,-0.5796953328584887,2
2014-03-12 07:51:00,-0.7688858001448203,0,-0.5674402232485456,2
2014-03-12 07:56:00,0.21477813225866488,0,-0.5551851136386025,2
2014-03-12 08:01:00,-0.14494362942933736,0,-0.5429300040286592,2
2014-03-12 08:06:00,0.1394381762709133,0,-0.5306748944187163,2
2014-03-12 08:11:00,-0.3582299837045282,0,-0.518419784808773,2
2014-03-12 08:16:00,-1.678270902701228,0,-0.5061646751988299,2
2014-03-12 08:21:00,-0.7943528275209635,0,-0.4939095655888869,2
2014-03-12 08:26:00,-0.6946069702977389,0,-0.4816544559789437,2
2014-03-12 08:31:00,-0.6436729155454489,0,-0.4693993463690005,2
2014-03-12 08:36:00,0.775052734533794,0,-0.4571442367590575,2
2014-03-12 08:41:00,-2.5505165903340985,0,-0.4448891271491143,2
2014-03-12 08:46:00,-0.7317463852212797,0,-0.43263401753917113,2
2014-03-12 08:51:00,0.6509009760751039,0,-0.42037890792922816,2
2014-03-12 08:56:00,-1.254881572572868,0,-0.40812379831928497,2
2014-03-12 09:01:00,-0.8813651710561089,0,-0.3958686887093417,2
2014-03-12 09:06:00,-0.5078487695393651,0,-0.3836135790993988,2
2014-03-12 09:11:00,2.274423971304169,0,-0.37135846948945556,2
2014-03-12 09:16:00,-1.3334049069826375,0,-0.35910335987951236,2
2014-03-12 09:21:00,0.1893111048825331,0,-0.3468482502695694,2
2014-03-12 09:26:00,0.5511551188518794,0,-0.3345931406596262,2
2014-03-12 09:31:00,-0.5927388607931703,0,-0.322338031049683,2
2014-03-12 09:36:00,0.6254339486989609,0,-0.31008292143974003,2
2014-03-12 09:41:00,2.8495543395487064,0,-0.29782781182979684,2
2014-03-12 09:46:00,-1.977508474370898,0,-0.28557270221985365,2
2014-03-12 09:51:00,-1.3121823841691862,0,-0.2733175926099107,2
2014-03-12 09:56:00,0.05136470659509014,0,-0.2610624829999675,2
2014-03-12 10:01:00,-0.23620047752718215,0,-0.24880737339002426,2
2014-03-12 10:06:00,-0.18420529663422588,0,-0.2365522637800813,2
2014-03-12 10:11:00,1.0615567925153924,0,-0.2242971541701381,2
2014-03-12 10:16:00,0.7623192208457225,0,-0.21204204456019488,2
2014-03-12 10:21:00,0.5140157039283386,0,-0.19978693495025193,2
2014-03-12 10:26:00,-0.3550466052825103,0,-0.1875318253403087,2
2014-03-12 10:31:00,-1.3885834662976115,0,-0.17527671573036552,2
2014-03-12 10:36:00,0.038631192907018594,0,-0.16302160612042257,2
2014-03-12 10:41:00,0.27738457455835247,0,-0.15076649651047935,2
2014-03-12 10:46:00,-1.1233019311294645,0,-0.13851138690053613,2
2014-03-12 10:51:00,0.016347543952893395,0,-0.1262562772905932,2
2014-03-12 10:56:00,1.5475525649434398,0,-0.11400116768064998,2
2014-03-12 11:01:00,-0.9439716133557965,0,-0.10174605807070677,2
2014-03-12 11:06:00,-0.7572134125974227,0,-0.08949094846076382,2
2014-03-12 11:11:00,1.6144035118058118,0,-0.07723583885082061,2
2014-03-12 11:16:00,-2.1642666751292756,0,-0.0649807292408774,2
2014-03-12 11:21:00,-0.7317463852212797,0,-0.052725619630934445,2
2014-03-12 11:26:00,-0.723257376095896,0,-0.04047051002099124,2
2014-03-12 11:31:00,-0.009119483423245922,0,-0.028215400411048024,2
2014-03-12 11:36:00,0.028019931500291053,0,-0.015960290801105077,2
2014-03-12 11:41:00,-0.9312380996677287,0,-0.0037051811911618646,2
2014-03-12 11:46:00,-0.7635801694414585,0,0.008549928418781346,2
2014-03-12 11:51:00,-0.7943528275209635,0,0.020805038028724295,2
2014-03-12 11:56:00,0.9246715203686308,0,0.033060147638667506,2
